chr01_000008984,remove
chr01_000008907,keep
chr01_000175165,remove
chr01_000175030,keep
chr01_000723781,remove
chr01_000723871,remove
chr01_000723732,keep
chr01_000949241,keep
chr01_001273044,remove
chr01_001272907,keep
chr01_001328316,keep
chr01_001439357,remove
chr01_001439376,remove
chr01_001439331,keep
chr01_001450802,remove
chr01_001450808,remove
chr01_001450867,remove
chr01_001450868,remove
chr01_001450876,remove
chr01_001450884,remove
chr01_001450798,keep
chr01_001459243,keep
chr01_001465651,keep
chr01_001831908,keep
chr01_001974937,remove
chr01_001974959,remove
chr01_001974844,keep
chr01_002304148,keep
chr01_002446068,keep
chr01_002479060,remove
chr01_002479044,keep
chr01_002552552,remove
chr01_002552573,remove
chr01_002552514,keep
chr01_002659894,remove
chr01_002659844,keep
chr01_002701177,remove
chr01_002701216,remove
chr01_002701217,remove
chr01_002701030,keep
chr01_002749173,keep
chr01_002750096,keep
chr01_002977285,remove
chr01_002977356,remove
chr01_002977411,remove
chr01_002977274,keep
chr01_003092865,keep
chr01_003284498,keep
chr01_003422355,keep
chr01_004138170,remove
chr01_004138065,keep
chr01_004152842,remove
chr01_004152821,keep
chr01_004186329,remove
chr01_004186267,keep
chr01_004244686,keep
chr01_004522927,keep
chr01_005397257,keep
chr01_005647196,remove
chr01_005647029,keep
chr01_005681105,keep
chr01_005908969,remove
chr01_005908846,keep
chr01_006014568,remove
chr01_006014664,remove
chr01_006014561,keep
chr01_006128452,keep
chr01_006162715,remove
chr01_006162733,remove
chr01_006162737,remove
chr01_006162681,keep
chr01_006165219,remove
chr01_006165235,remove
chr01_006165162,keep
chr01_006426192,keep
chr01_006546413,remove
chr01_006546394,keep
chr01_006630067,keep
chr01_006718243,remove
chr01_006718262,remove
chr01_006718155,keep
chr01_006773129,keep
chr01_007386534,keep
chr01_007643727,remove
chr01_007643733,remove
chr01_007643741,remove
chr01_007643666,keep
chr01_007856610,keep
chr01_008013059,keep
chr01_008028790,remove
chr01_008028758,keep
chr01_008186582,keep
chr01_008258375,remove
chr01_008258331,keep
chr01_008260282,remove
chr01_008260320,remove
chr01_008260218,keep
chr01_008379038,keep
chr01_008390536,remove
chr01_008390494,keep
chr01_008430234,remove
chr01_008430160,keep
chr01_008468198,remove
chr01_008468208,remove
chr01_008468279,remove
chr01_008468286,remove
chr01_008468099,keep
chr01_008514882,remove
chr01_008514828,keep
chr01_008716868,keep
chr01_009056051,keep
chr01_009108119,remove
chr01_009108118,keep
chr01_009121636,remove
chr01_009121550,keep
chr01_009159801,remove
chr01_009159741,keep
chr01_009212708,remove
chr01_009212710,remove
chr01_009212668,keep
chr01_009234526,keep
chr01_009400411,remove
chr01_009400470,remove
chr01_009400509,remove
chr01_009400514,remove
chr01_009400321,keep
chr01_009556591,remove
chr01_009556596,remove
chr01_009556567,keep
chr01_009564360,remove
chr01_009564291,keep
chr01_009596934,keep
chr01_009697854,keep
chr01_009840109,remove
chr01_009840140,remove
chr01_009840147,remove
chr01_009840153,remove
chr01_009840218,remove
chr01_009840219,remove
chr01_009840234,remove
chr01_009840105,keep
chr01_009898221,keep
chr01_009906660,remove
chr01_009906675,remove
chr01_009906648,keep
chr01_010565264,remove
chr01_010565284,remove
chr01_010565071,keep
chr01_010651550,keep
chr01_010670558,remove
chr01_010670530,keep
chr01_010987715,remove
chr01_010987670,keep
chr01_011095525,remove
chr01_011095491,keep
chr01_011400143,keep
chr01_011523011,keep
chr01_011638343,keep
chr01_012301670,keep
chr01_012381458,keep
chr01_012382020,remove
chr01_012382028,remove
chr01_012382096,remove
chr01_012382131,remove
chr01_012382189,remove
chr01_012382200,remove
chr01_012382209,remove
chr01_012382212,remove
chr01_012382003,keep
chr01_012668171,keep
chr01_012694267,remove
chr01_012694280,remove
chr01_012694294,remove
chr01_012694335,remove
chr01_012694355,remove
chr01_012694249,keep
chr01_012697575,keep
chr01_013009652,keep
chr01_013584570,remove
chr01_013584471,keep
chr01_014024669,remove
chr01_014024643,keep
chr01_014317206,remove
chr01_014317369,remove
chr01_014317195,keep
chr01_014370339,remove
chr01_014370343,remove
chr01_014370330,keep
chr01_015161370,keep
chr01_015173326,keep
chr01_015260368,keep
chr01_015534097,keep
chr01_015556114,remove
chr01_015556074,keep
chr01_016074913,keep
chr01_016169273,remove
chr01_016169287,remove
chr01_016169213,keep
chr01_016174740,remove
chr01_016174797,remove
chr01_016174641,keep
chr01_016918798,keep
chr01_017196397,remove
chr01_017196423,remove
chr01_017196294,keep
chr01_017481133,keep
chr01_017687057,keep
chr01_018666325,remove
chr01_018666185,keep
chr01_018734260,remove
chr01_018734158,keep
chr01_019297521,keep
chr01_019440627,keep
chr01_020084630,keep
chr01_021147142,keep
chr01_021506207,remove
chr01_021506097,keep
chr01_021509151,remove
chr01_021509175,remove
chr01_021509091,keep
chr01_022318457,remove
chr01_022318519,remove
chr01_022318355,keep
chr01_022460583,keep
chr01_022660963,remove
chr01_022660951,keep
chr01_022674801,keep
chr01_022792171,keep
chr01_023092666,keep
chr01_023128018,keep
chr01_023358151,remove
chr01_023358064,keep
chr01_023604552,keep
chr01_023640129,remove
chr01_023640059,keep
chr01_023651350,remove
chr01_023651321,keep
chr01_023653711,keep
chr01_023761878,keep
chr01_023798068,keep
chr01_023800778,remove
chr01_023800643,keep
chr01_024464273,keep
chr01_024823569,remove
chr01_024823577,remove
chr01_024823605,remove
chr01_024823665,remove
chr01_024823666,remove
chr01_024823549,keep
chr01_025103486,remove
chr01_025103462,keep
chr01_025472146,keep
chr01_025972164,keep
chr01_025999896,remove
chr01_025999897,remove
chr01_025999889,keep
chr01_026008411,keep
chr01_026246387,remove
chr01_026246353,keep
chr01_026475423,remove
chr01_026475463,remove
chr01_026475487,remove
chr01_026475584,remove
chr01_026475375,keep
chr01_026491587,remove
chr01_026491438,keep
chr01_026549199,remove
chr01_026549212,remove
chr01_026549108,keep
chr01_026636907,keep
chr01_027031610,remove
chr01_027031571,keep
chr01_028014577,remove
chr01_028014493,keep
chr01_028062629,remove
chr01_028062632,remove
chr01_028062739,remove
chr01_028062583,keep
chr01_028192744,keep
chr01_028912435,remove
chr01_028912415,keep
chr01_029184283,keep
chr01_029389567,keep
chr01_029556091,keep
chr01_029558344,keep
chr01_029877717,remove
chr01_029877744,remove
chr01_029877619,keep
chr01_030263914,keep
chr01_030316077,remove
chr01_030316086,remove
chr01_030316138,remove
chr01_030316071,keep
chr01_030741122,keep
chr01_030742405,remove
chr01_030742444,remove
chr01_030742341,keep
chr01_031162161,keep
chr01_031352977,keep
chr01_031537878,remove
chr01_031537857,keep
chr01_031700541,remove
chr01_031700436,keep
chr01_031794634,keep
chr01_031797284,keep
chr01_032392331,remove
chr01_032392390,remove
chr01_032392487,remove
chr01_032392319,keep
chr01_033320787,keep
chr01_033605896,remove
chr01_033605915,remove
chr01_033606040,remove
chr01_033605889,keep
chr01_033768022,remove
chr01_033767903,keep
chr01_033806827,keep
chr01_034311779,keep
chr01_034520148,keep
chr01_034619411,keep
chr01_034832858,keep
chr01_035121599,keep
chr01_035264260,keep
chr01_035403686,keep
chr01_035633764,keep
chr01_035653510,remove
chr01_035653573,remove
chr01_035653398,keep
chr01_035833004,remove
chr01_035833075,remove
chr01_035832998,keep
chr01_036364677,keep
chr01_036685024,keep
chr01_036723205,keep
chr01_036925419,remove
chr01_036925504,remove
chr01_036925517,remove
chr01_036925318,keep
chr01_036939832,remove
chr01_036939785,keep
chr01_036941040,remove
chr01_036941053,remove
chr01_036941014,keep
chr01_037753942,keep
chr01_037756444,remove
chr01_037756503,remove
chr01_037756510,remove
chr01_037756522,remove
chr01_037756579,remove
chr01_037756604,remove
chr01_037756427,keep
chr01_037876277,keep
chr01_037940139,keep
chr01_039082182,remove
chr01_039082143,keep
chr01_039097109,keep
chr01_039120985,keep
chr01_039308781,keep
chr01_039343429,keep
chr01_040079858,keep
chr01_040172977,keep
chr01_040303398,keep
chr01_040341089,remove
chr01_040341099,remove
chr01_040341049,keep
chr01_040348300,remove
chr01_040348232,keep
chr01_040683539,remove
chr01_040683540,remove
chr01_040683543,remove
chr01_040683530,keep
chr01_040725903,remove
chr01_040725824,keep
chr01_040791267,remove
chr01_040791087,keep
chr01_040860638,keep
chr01_041160194,remove
chr01_041160086,keep
chr01_041360999,remove
chr01_041360992,keep
chr01_041369530,keep
chr01_041564970,keep
chr01_041606144,keep
chr01_041635548,keep
chr01_041658442,remove
chr01_041658451,remove
chr01_041658463,remove
chr01_041658478,remove
chr01_041658488,remove
chr01_041658515,remove
chr01_041658421,keep
chr01_041720437,remove
chr01_041720422,keep
chr01_042113433,keep
chr01_042305034,remove
chr01_042305079,remove
chr01_042305086,remove
chr01_042305029,keep
chr01_042546361,keep
chr01_042831102,keep
chr01_043317317,keep
chr01_043321344,keep
chr01_043564813,keep
chr01_043609797,keep
chr01_043789426,remove
chr01_043789377,keep
chr01_043895404,keep
chr01_044035175,keep
chr01_044261400,keep
chr01_045320095,keep
chr01_046041731,keep
chr01_046311201,keep
chr01_046505272,remove
chr01_046505152,keep
chr01_046507151,keep
chr01_046890114,keep
chr01_046952882,remove
chr01_046952789,keep
chr01_047185671,keep
chr01_047188102,remove
chr01_047188152,remove
chr01_047188043,keep
chr01_047582078,keep
chr01_047674607,keep
chr01_047676137,remove
chr01_047676044,keep
chr01_047733281,keep
chr01_047974958,keep
chr01_047981156,keep
chr01_048463286,keep
chr01_048522389,keep
chr01_048623341,keep
chr01_048995696,keep
chr02_000342231,keep
chr02_000411350,keep
chr02_000448546,keep
chr02_000964056,keep
chr02_001457415,remove
chr02_001457361,keep
chr02_001602372,remove
chr02_001602366,keep
chr02_001693396,keep
chr02_001799990,keep
chr02_001916425,keep
chr02_002114419,keep
chr02_002124059,keep
chr02_002361795,keep
chr02_002364388,keep
chr02_002765594,keep
chr02_002766483,keep
chr02_003090428,keep
chr02_003262682,remove
chr02_003262669,keep
chr02_003374238,keep
chr02_003933260,keep
chr02_004069514,keep
chr02_004632118,remove
chr02_004632139,remove
chr02_004632149,remove
chr02_004632097,keep
chr02_004856493,remove
chr02_004856523,remove
chr02_004856486,keep
chr02_004938364,remove
chr02_004938348,keep
chr02_004998040,keep
chr02_005031306,keep
chr02_005078815,remove
chr02_005078769,keep
chr02_005082944,remove
chr02_005082971,remove
chr02_005083121,remove
chr02_005082930,keep
chr02_005333201,keep
chr02_005604808,remove
chr02_005604821,remove
chr02_005604828,remove
chr02_005604751,keep
chr02_005799465,remove
chr02_005799490,remove
chr02_005799327,keep
chr02_005955744,remove
chr02_005955564,keep
chr02_005961316,keep
chr02_006304021,remove
chr02_006304029,remove
chr02_006304039,remove
chr02_006304084,remove
chr02_006304096,remove
chr02_006304103,remove
chr02_006303971,keep
chr02_006320758,keep
chr02_006322991,keep
chr02_006638238,keep
chr02_006731901,keep
chr02_006882480,remove
chr02_006882335,keep
chr02_006912172,keep
chr02_007188123,keep
chr02_007636175,remove
chr02_007636176,remove
chr02_007636197,remove
chr02_007636205,remove
chr02_007636084,keep
chr02_007734861,keep
chr02_007990055,keep
chr02_008073935,remove
chr02_008073933,keep
chr02_008341392,keep
chr02_008410309,keep
chr02_008458332,keep
chr02_008484621,keep
chr02_008699099,keep
chr02_008778693,keep
chr02_008835784,remove
chr02_008835842,remove
chr02_008835722,keep
chr02_008855143,keep
chr02_009115504,keep
chr02_009166445,keep
chr02_009167112,keep
chr02_009551395,keep
chr02_010178207,remove
chr02_010178124,keep
chr02_010589497,remove
chr02_010589532,remove
chr02_010589428,keep
chr02_010927625,keep
chr02_011191395,keep
chr02_011264074,remove
chr02_011263944,keep
chr02_011323538,keep
chr02_011409656,keep
chr02_011579440,keep
chr02_011602187,keep
chr02_011730619,keep
chr02_011741882,remove
chr02_011741724,keep
chr02_011750556,keep
chr02_012176279,keep
chr02_012774276,keep
chr02_013405677,remove
chr02_013405618,keep
chr02_013483139,keep
chr02_013654329,remove
chr02_013654261,keep
chr02_013727826,keep
chr02_013769419,keep
chr02_014243169,keep
chr02_014716150,remove
chr02_014716098,keep
chr02_015008159,remove
chr02_015007978,keep
chr02_015096663,keep
chr02_015149323,remove
chr02_015149311,keep
chr02_015414906,remove
chr02_015414929,remove
chr02_015414824,keep
chr02_016369950,keep
chr02_016562161,keep
chr02_017109149,keep
chr02_017345602,keep
chr02_017636914,remove
chr02_017636880,keep
chr02_017760493,remove
chr02_017760463,keep
chr02_018169881,keep
chr02_018887712,keep
chr02_019150104,keep
chr02_019908339,keep
chr02_021038347,remove
chr02_021038359,remove
chr02_021038289,keep
chr02_021167457,keep
chr02_021441855,keep
chr02_022058065,keep
chr02_022554245,keep
chr02_023441563,remove
chr02_023441529,keep
chr02_023916119,keep
chr02_024050222,keep
chr02_024076170,keep
chr02_024425393,keep
chr02_024888319,keep
chr02_025752929,keep
chr02_025844269,keep
chr02_026202722,keep
chr02_026753556,keep
chr02_027015707,keep
chr02_027020946,remove
chr02_027021015,remove
chr02_027020941,keep
chr02_027075905,keep
chr02_027381410,keep
chr02_027382144,keep
chr02_027973850,keep
chr02_028271523,remove
chr02_028271544,remove
chr02_028271554,remove
chr02_028271581,remove
chr02_028271586,remove
chr02_028271516,keep
chr02_028651939,keep
chr02_029280624,keep
chr02_029418075,keep
chr02_029437919,keep
chr02_029693120,keep
chr02_029807791,keep
chr02_029821059,keep
chr02_029823143,keep
chr02_030170426,keep
chr02_030548194,keep
chr02_030574437,remove
chr02_030574438,remove
chr02_030574502,remove
chr02_030574505,remove
chr02_030574512,remove
chr02_030574526,remove
chr02_030574416,keep
chr02_030812795,keep
chr02_030832537,remove
chr02_030832546,remove
chr02_030832559,remove
chr02_030832430,keep
chr02_030966117,remove
chr02_030966022,keep
chr02_031384151,remove
chr02_031384173,remove
chr02_031384145,keep
chr02_031508817,keep
chr02_031848884,remove
chr02_031848846,keep
chr02_032251507,remove
chr02_032251546,remove
chr02_032251584,remove
chr02_032251451,keep
chr02_032652039,remove
chr02_032652134,remove
chr02_032652172,remove
chr02_032652176,remove
chr02_032652200,remove
chr02_032652008,keep
chr02_032894283,remove
chr02_032894325,remove
chr02_032894268,keep
chr02_032916871,remove
chr02_032916910,remove
chr02_032916864,keep
chr02_033057973,keep
chr02_033791882,remove
chr02_033791944,remove
chr02_033791781,keep
chr02_033903550,keep
chr02_033931247,keep
chr02_034048173,keep
chr02_034114251,keep
chr02_034214976,keep
chr02_034662495,remove
chr02_034662499,remove
chr02_034662501,remove
chr02_034662489,keep
chr02_034961595,remove
chr02_034961740,remove
chr02_034961557,keep
chr02_035003851,remove
chr02_035003827,keep
chr02_035008127,keep
chr02_035019750,keep
chr02_035185364,remove
chr02_035185377,remove
chr02_035185310,keep
chr02_035504039,keep
chr02_036143301,remove
chr02_036143226,keep
chr02_036582174,keep
chr02_037447361,keep
chr02_037729930,keep
chr02_037754301,keep
chr02_038292141,keep
chr02_038575814,keep
chr02_039073674,keep
chr02_039480065,keep
chr02_040124310,keep
chr03_000059682,keep
chr03_000281698,remove
chr03_000281604,keep
chr03_000826444,keep
chr03_001072117,remove
chr03_001072073,keep
chr03_001118896,remove
chr03_001118887,keep
chr03_001337870,keep
chr03_001346528,remove
chr03_001346562,remove
chr03_001346486,keep
chr03_001528328,keep
chr03_001628334,keep
chr03_001632089,keep
chr03_001873190,remove
chr03_001873216,remove
chr03_001873243,remove
chr03_001873393,remove
chr03_001873407,remove
chr03_001873184,keep
chr03_001910384,keep
chr03_001960943,keep
chr03_002219522,remove
chr03_002219376,keep
chr03_002448239,keep
chr03_003415470,keep
chr03_003440421,keep
chr03_003444121,keep
chr03_003765841,keep
chr03_003766732,keep
chr03_003977446,keep
chr03_004293528,keep
chr03_004751524,remove
chr03_004751471,keep
chr03_004816697,keep
chr03_004818036,keep
chr03_004822657,keep
chr03_005135213,keep
chr03_005258295,keep
chr03_005693367,remove
chr03_005693184,keep
chr03_006057159,keep
chr03_006304864,remove
chr03_006304906,remove
chr03_006304931,remove
chr03_006304857,keep
chr03_006591500,keep
chr03_006786456,keep
chr03_006790950,keep
chr03_006843937,keep
chr03_007079961,keep
chr03_007109600,remove
chr03_007109647,remove
chr03_007109681,remove
chr03_007109519,keep
chr03_007265091,keep
chr03_007690352,keep
chr03_008002420,remove
chr03_008002459,remove
chr03_008002478,remove
chr03_008002516,remove
chr03_008002522,remove
chr03_008002369,keep
chr03_008230786,keep
chr03_008690174,remove
chr03_008690180,remove
chr03_008690188,remove
chr03_008690157,keep
chr03_008805496,keep
chr03_009167023,keep
chr03_009517631,keep
chr03_010131436,keep
chr03_010154368,keep
chr03_010334277,keep
chr03_010614989,keep
chr03_011013029,keep
chr03_011155236,keep
chr03_011236889,remove
chr03_011236871,keep
chr03_011612060,keep
chr03_011934996,keep
chr03_012524539,keep
chr03_013008327,keep
chr03_013143638,keep
chr03_013511587,keep
chr03_013919007,keep
chr03_014132286,keep
chr03_014225898,keep
chr03_014302649,keep
chr03_014476636,remove
chr03_014476637,remove
chr03_014476759,remove
chr03_014476787,remove
chr03_014476805,remove
chr03_014476621,keep
chr03_015027053,remove
chr03_015027014,keep
chr03_015520100,remove
chr03_015520108,remove
chr03_015520089,keep
chr03_015706835,keep
chr03_016120497,keep
chr03_016347226,remove
chr03_016347251,remove
chr03_016347115,keep
chr03_016612426,keep
chr03_017192073,keep
chr03_017277730,keep
chr03_017894631,keep
chr03_018227227,keep
chr03_018624912,keep
chr03_018730739,keep
chr03_018981987,keep
chr03_019001366,keep
chr03_019062058,keep
chr03_019590642,keep
chr03_020158230,remove
chr03_020158089,keep
chr03_020282880,keep
chr03_020339031,keep
chr03_020346303,keep
chr03_020704405,keep
chr03_020984675,keep
chr03_021344748,keep
chr03_021606826,keep
chr03_022098058,keep
chr03_022303164,keep
chr03_022852144,keep
chr03_022998657,remove
chr03_022998646,keep
chr03_023052670,remove
chr03_023052626,keep
chr03_023432708,keep
chr03_023451579,remove
chr03_023451655,remove
chr03_023451565,keep
chr03_023872840,keep
chr03_024235654,remove
chr03_024235655,remove
chr03_024235661,remove
chr03_024235760,remove
chr03_024235832,remove
chr03_024235625,keep
chr03_024310313,remove
chr03_024310225,keep
chr03_024405222,remove
chr03_024405170,keep
chr03_024644041,keep
chr03_025023783,keep
chr03_025302434,keep
chr03_025592266,keep
chr03_025871375,keep
chr03_026047967,keep
chr03_026322717,keep
chr03_026500531,keep
chr03_026852215,keep
chr03_026866022,remove
chr03_026866013,keep
chr03_027132796,keep
chr03_027449581,keep
chr03_027542326,keep
chr03_028181180,keep
chr03_028282723,keep
chr03_028294150,keep
chr03_028406897,keep
chr03_028585873,keep
chr03_029096424,remove
chr03_029096518,remove
chr03_029096387,keep
chr03_029282349,keep
chr03_029384806,keep
chr03_029581066,remove
chr03_029581024,keep
chr03_029640731,keep
chr03_030010506,keep
chr03_030052054,remove
chr03_030052087,remove
chr03_030052102,remove
chr03_030052012,keep
chr03_030142101,keep
chr03_030194445,remove
chr03_030194409,keep
chr03_030502290,keep
chr03_030880775,keep
chr03_031096300,remove
chr03_031096283,keep
chr03_031426633,remove
chr03_031426486,keep
chr03_031488599,keep
chr03_031887982,remove
chr03_031888055,remove
chr03_031887928,keep
chr03_032155380,remove
chr03_032155434,remove
chr03_032155438,remove
chr03_032155458,remove
chr03_032155467,remove
chr03_032155334,keep
chr03_032161138,keep
chr03_032346429,keep
chr03_032632400,keep
chr03_032688865,keep
chr03_032690067,keep
chr03_032703508,remove
chr03_032703445,keep
chr03_032935526,keep
chr03_033276230,keep
chr03_033702179,keep
chr03_033827495,remove
chr03_033827649,remove
chr03_033827450,keep
chr03_034003093,remove
chr03_034002981,keep
chr03_034448315,remove
chr03_034448344,remove
chr03_034448388,remove
chr03_034448393,remove
chr03_034448287,keep
chr03_034620174,keep
chr03_035013866,keep
chr03_035108771,keep
chr03_035523453,remove
chr03_035523478,remove
chr03_035523338,keep
chr03_035906951,keep
chr03_035909856,keep
chr03_036236252,keep
chr03_036618909,keep
chr04_000422237,keep
chr04_000488486,keep
chr04_000629659,remove
chr04_000629600,keep
chr04_000847438,keep
chr04_000976297,keep
chr04_001452200,keep
chr04_001789934,keep
chr04_001957006,remove
chr04_001956986,keep
chr04_001986490,keep
chr04_002201495,keep
chr04_002345618,remove
chr04_002345551,keep
chr04_002346571,remove
chr04_002346572,remove
chr04_002346498,keep
chr04_002407024,keep
chr04_002436506,remove
chr04_002436549,remove
chr04_002436571,remove
chr04_002436363,keep
chr04_002471450,remove
chr04_002471511,remove
chr04_002471517,remove
chr04_002471527,remove
chr04_002471441,keep
chr04_002576971,keep
chr04_002590750,keep
chr04_002592757,remove
chr04_002592859,remove
chr04_002592919,remove
chr04_002592756,keep
chr04_002694804,keep
chr04_003075903,remove
chr04_003075916,remove
chr04_003075917,remove
chr04_003075922,remove
chr04_003075775,keep
chr04_003133075,remove
chr04_003133030,keep
chr04_003408393,remove
chr04_003408577,remove
chr04_003408188,keep
chr04_003588119,keep
chr04_003590487,keep
chr04_003653089,keep
chr04_003682800,remove
chr04_003683243,remove
chr04_003682788,keep
chr04_003833820,keep
chr04_003930171,keep
chr04_003934053,remove
chr04_003933996,keep
chr04_004233955,keep
chr04_004238292,keep
chr04_004667613,keep
chr04_005170255,keep
chr04_005477234,remove
chr04_005477225,keep
chr04_005480937,keep
chr04_005482022,keep
chr04_005528839,keep
chr04_005896622,keep
chr04_005922155,remove
chr04_005922162,remove
chr04_005922133,keep
chr04_006515091,keep
chr04_006557529,keep
chr04_006678409,remove
chr04_006678351,keep
chr04_006700385,keep
chr04_006719136,keep
chr04_006748357,remove
chr04_006748382,remove
chr04_006748165,keep
chr04_006765223,keep
chr04_006958475,keep
chr04_007274404,keep
chr04_007550836,remove
chr04_007550755,keep
chr04_008048981,keep
chr04_008367846,remove
chr04_008367746,keep
chr04_008464855,remove
chr04_008464995,remove
chr04_008465013,remove
chr04_008464853,keep
chr04_008472669,remove
chr04_008472478,keep
chr04_008592094,remove
chr04_008592045,keep
chr04_008774461,remove
chr04_008774447,keep
chr04_008894914,remove
chr04_008894970,remove
chr04_008895070,remove
chr04_008895117,remove
chr04_008894913,keep
chr04_009366210,remove
chr04_009366306,remove
chr04_009366192,keep
chr04_009584740,keep
chr04_009760802,keep
chr04_010262869,keep
chr04_010267155,keep
chr04_011129236,keep
chr04_011237347,keep
chr04_011913319,keep
chr04_012139484,keep
chr04_012140979,keep
chr04_012546630,keep
chr04_012566505,keep
chr04_012633210,keep
chr04_013350194,remove
chr04_013350210,remove
chr04_013350018,keep
chr04_013382966,keep
chr04_013456446,keep
chr04_014625652,keep
chr04_015584655,keep
chr04_015886649,remove
chr04_015886598,keep
chr04_016990270,keep
chr04_017098678,keep
chr04_018279851,remove
chr04_018279693,keep
chr04_018660390,keep
chr04_018665615,keep
chr04_018685139,keep
chr04_019039902,remove
chr04_019039909,remove
chr04_019039984,remove
chr04_019040070,remove
chr04_019040079,remove
chr04_019039872,keep
chr04_019397441,keep
chr04_019914195,keep
chr04_020400572,keep
chr04_020916095,keep
chr04_021939272,keep
chr04_022358222,remove
chr04_022358241,remove
chr04_022358254,remove
chr04_022358269,remove
chr04_022358279,remove
chr04_022358348,remove
chr04_022358362,remove
chr04_022358197,keep
chr04_022505399,keep
chr04_022623167,keep
chr04_023024557,keep
chr04_024191075,remove
chr04_024191133,remove
chr04_024191151,remove
chr04_024191152,remove
chr04_024191050,keep
chr04_024252554,keep
chr04_024611083,remove
chr04_024611088,remove
chr04_024611104,remove
chr04_024610965,keep
chr04_024996093,keep
chr04_025112181,remove
chr04_025112157,keep
chr04_025274056,keep
chr04_025376659,keep
chr04_025379138,keep
chr04_025821709,remove
chr04_025821586,keep
chr04_025862464,keep
chr04_026375013,keep
chr04_026748328,remove
chr04_026748347,remove
chr04_026748307,keep
chr04_026848688,remove
chr04_026848734,remove
chr04_026848687,keep
chr04_026901109,keep
chr04_026902977,keep
chr04_027470101,keep
chr04_027534483,remove
chr04_027534397,keep
chr04_027755699,remove
chr04_027755679,keep
chr04_028334542,keep
chr04_028381436,remove
chr04_028381405,keep
chr04_028547652,remove
chr04_028547661,remove
chr04_028547662,remove
chr04_028547663,remove
chr04_028547626,keep
chr04_028779073,keep
chr04_029424994,remove
chr04_029424843,keep
chr04_029611178,keep
chr04_029943983,remove
chr04_029943956,keep
chr04_030073526,keep
chr04_030495237,keep
chr04_030541160,keep
chr04_030822181,remove
chr04_030822144,keep
chr04_030843514,remove
chr04_030843560,remove
chr04_030843676,remove
chr04_030843505,keep
chr04_031240655,keep
chr04_031346920,remove
chr04_031346928,remove
chr04_031346966,remove
chr04_031347014,remove
chr04_031346865,keep
chr04_031521590,keep
chr04_031546254,remove
chr04_031546210,keep
chr04_031943082,keep
chr04_032236327,keep
chr04_032250770,remove
chr04_032250699,keep
chr04_032465807,keep
chr04_032466998,keep
chr04_033004241,keep
chr04_033320705,keep
chr04_033354334,keep
chr04_033543459,keep
chr04_033854938,remove
chr04_033854913,keep
chr04_034392819,keep
chr04_035499346,keep
chr04_035944546,keep
chr04_036321735,keep
chr04_036734071,keep
chr05_000142187,remove
chr05_000142049,keep
chr05_000375385,keep
chr05_000932945,remove
chr05_000932858,keep
chr05_001057395,remove
chr05_001057379,keep
chr05_001291662,keep
chr05_001422111,remove
chr05_001422004,keep
chr05_001424374,keep
chr05_001625255,keep
chr05_001786537,keep
chr05_002021754,keep
chr05_002076245,keep
chr05_002084719,keep
chr05_002161168,remove
chr05_002161121,keep
chr05_002164321,remove
chr05_002164301,keep
chr05_002442039,keep
chr05_002535012,remove
chr05_002535079,remove
chr05_002535139,remove
chr05_002534966,keep
chr05_002544960,keep
chr05_002567882,keep
chr05_002694535,remove
chr05_002694553,remove
chr05_002694477,keep
chr05_002699189,keep
chr05_002860471,remove
chr05_002860494,remove
chr05_002860515,remove
chr05_002860392,keep
chr05_002937714,keep
chr05_003200172,keep
chr05_003311254,keep
chr05_003334150,keep
chr05_003620367,keep
chr05_003704038,keep
chr05_004429761,keep
chr05_004586327,remove
chr05_004586294,keep
chr05_005362905,remove
chr05_005362947,remove
chr05_005362893,keep
chr05_005404827,remove
chr05_005404797,keep
chr05_005429642,keep
chr05_005483090,remove
chr05_005483096,remove
chr05_005483111,remove
chr05_005483318,remove
chr05_005483085,keep
chr05_005620832,keep
chr05_006598158,remove
chr05_006598078,keep
chr05_006613086,remove
chr05_006612936,keep
chr05_006840110,keep
chr05_007148030,keep
chr05_007192119,keep
chr05_007195811,remove
chr05_007195848,remove
chr05_007195860,remove
chr05_007195929,remove
chr05_007195938,remove
chr05_007195805,keep
chr05_007198402,remove
chr05_007198316,keep
chr05_007564251,remove
chr05_007564273,remove
chr05_007564099,keep
chr05_007612893,remove
chr05_007612910,remove
chr05_007612787,keep
chr05_007957700,keep
chr05_008723212,remove
chr05_008723242,remove
chr05_008723320,remove
chr05_008723360,remove
chr05_008723385,remove
chr05_008723187,keep
chr05_008882084,remove
chr05_008882098,remove
chr05_008882053,keep
chr05_009179853,keep
chr05_009403316,keep
chr05_009794327,remove
chr05_009794400,remove
chr05_009794422,remove
chr05_009794428,remove
chr05_009794431,remove
chr05_009794297,keep
chr05_009816026,keep
chr05_010024641,remove
chr05_010024682,remove
chr05_010024702,remove
chr05_010024484,keep
chr05_010616179,keep
chr05_010631623,remove
chr05_010631772,remove
chr05_010631569,keep
chr05_010947758,keep
chr05_010951000,remove
chr05_010951091,remove
chr05_010950993,keep
chr05_011027457,remove
chr05_011027285,keep
chr05_011035453,keep
chr05_011342128,keep
chr05_011759994,keep
chr05_011876981,keep
chr05_012182477,keep
chr05_012200221,keep
chr05_012706921,remove
chr05_012706974,remove
chr05_012707007,remove
chr05_012706893,keep
chr05_013322599,keep
chr05_013955040,keep
chr05_014456106,keep
chr05_015381202,keep
chr05_016062426,keep
chr05_017066492,keep
chr05_017092581,keep
chr05_017693069,keep
chr05_018395452,keep
chr05_018740621,keep
chr05_019320437,keep
chr05_020012129,keep
chr05_020500929,remove
chr05_020500788,keep
chr05_021466997,keep
chr05_021649641,remove
chr05_021649494,keep
chr05_022614172,keep
chr05_022965046,keep
chr05_022990985,keep
chr05_023753596,keep
chr05_023774043,keep
chr05_023833024,keep
chr05_024093668,remove
chr05_024093706,remove
chr05_024093743,remove
chr05_024093752,remove
chr05_024093758,remove
chr05_024093788,remove
chr05_024093794,remove
chr05_024093647,keep
chr05_024095355,keep
chr05_024152211,remove
chr05_024152240,remove
chr05_024152160,keep
chr05_024154343,keep
chr05_024746414,remove
chr05_024746401,keep
chr05_024776317,remove
chr05_024776288,keep
chr05_024790533,keep
chr05_025502129,keep
chr05_025644178,keep
chr05_025685290,remove
chr05_025685303,remove
chr05_025685306,remove
chr05_025685314,remove
chr05_025685335,remove
chr05_025685367,remove
chr05_025685218,keep
chr05_026015623,remove
chr05_026015688,remove
chr05_026015593,keep
chr05_026052220,remove
chr05_026052303,remove
chr05_026052101,keep
chr05_026126432,keep
chr05_026571850,keep
chr05_026586947,keep
chr05_026926141,remove
chr05_026926143,remove
chr05_026926140,keep
chr05_027466209,remove
chr05_027466108,keep
chr05_027473429,remove
chr05_027473504,remove
chr05_027473514,remove
chr05_027473566,remove
chr05_027473576,remove
chr05_027473584,remove
chr05_027473386,keep
chr05_027746078,remove
chr05_027746081,remove
chr05_027746163,remove
chr05_027746176,remove
chr05_027746062,keep
chr05_027860363,keep
chr05_027894216,remove
chr05_027894236,remove
chr05_027894180,keep
chr05_028399461,remove
chr05_028399352,keep
chr05_028807067,keep
chr05_029327001,keep
chr05_029759004,remove
chr05_029758914,keep
chr05_029951087,keep
chr05_030200936,remove
chr05_030201038,remove
chr05_030201104,remove
chr05_030200929,keep
chr05_030205620,remove
chr05_030205493,keep
chr05_030351513,remove
chr05_030351362,keep
chr05_030410220,keep
chr05_030439740,keep
chr05_030496574,remove
chr05_030496615,remove
chr05_030496641,remove
chr05_030496749,remove
chr05_030496551,keep
chr05_030560427,remove
chr05_030560418,keep
chr05_030879566,keep
chr05_030905635,keep
chr05_030920699,keep
chr05_030983784,keep
chr05_030985124,remove
chr05_030985074,keep
chr05_032125011,keep
chr05_032131563,remove
chr05_032131430,keep
chr05_033003747,keep
chr06_000197838,remove
chr06_000197937,remove
chr06_000197825,keep
chr06_000245224,keep
chr06_000261923,remove
chr06_000261901,keep
chr06_000487549,remove
chr06_000487552,remove
chr06_000487462,keep
chr06_000770717,keep
chr06_000796191,keep
chr06_000926253,keep
chr06_001251920,keep
chr06_001448165,remove
chr06_001448212,remove
chr06_001448143,keep
chr06_001594728,remove
chr06_001594538,keep
chr06_001598047,keep
chr06_002058272,keep
chr06_002123611,keep
chr06_002304253,remove
chr06_002304260,remove
chr06_002304250,keep
chr06_002482038,keep
chr06_002886330,keep
chr06_003325915,keep
chr06_003473732,remove
chr06_003473667,keep
chr06_003580553,keep
chr06_003585798,keep
chr06_003603571,remove
chr06_003603574,remove
chr06_003603603,remove
chr06_003603562,keep
chr06_003615066,remove
chr06_003614925,keep
chr06_003676061,remove
chr06_003676060,keep
chr06_004094679,keep
chr06_004222640,keep
chr06_004226496,keep
chr06_004257555,remove
chr06_004257568,remove
chr06_004257551,keep
chr06_004356702,keep
chr06_004364177,remove
chr06_004364028,keep
chr06_004609418,keep
chr06_004720381,keep
chr06_004965663,keep
chr06_005064218,keep
chr06_005092307,keep
chr06_005772449,remove
chr06_005772416,keep
chr06_005897749,keep
chr06_005935935,keep
chr06_006037182,remove
chr06_006037095,keep
chr06_006181707,keep
chr06_006255117,remove
chr06_006255121,remove
chr06_006255130,remove
chr06_006255097,keep
chr06_006390622,remove
chr06_006390719,remove
chr06_006390580,keep
chr06_006625071,keep
chr06_006750670,keep
chr06_007430546,keep
chr06_007931867,keep
chr06_008128232,remove
chr06_008128236,remove
chr06_008128049,keep
chr06_008580059,keep
chr06_008800103,remove
chr06_008800070,keep
chr06_009059061,keep
chr06_009375615,keep
chr06_009402314,keep
chr06_009780406,keep
chr06_009906520,keep
chr06_010144506,keep
chr06_010632680,keep
chr06_011048637,keep
chr06_011306037,remove
chr06_011306117,remove
chr06_011306120,remove
chr06_011306129,remove
chr06_011305979,keep
chr06_011582568,keep
chr06_011938347,remove
chr06_011938342,keep
chr06_012377521,remove
chr06_012377527,remove
chr06_012377501,keep
chr06_012452356,remove
chr06_012452171,keep
chr06_012510129,keep
chr06_012628617,keep
chr06_012837292,keep
chr06_013205959,keep
chr06_013609992,keep
chr06_013934005,keep
chr06_014435074,keep
chr06_014999304,remove
chr06_014999305,remove
chr06_014999303,keep
chr06_015367929,remove
chr06_015367890,keep
chr06_015368966,keep
chr06_015584382,keep
chr06_015976994,keep
chr06_016124201,remove
chr06_016124158,keep
chr06_016487405,keep
chr06_016952367,keep
chr06_017295083,keep
chr06_017533965,keep
chr06_017612111,keep
chr06_018068021,keep
chr06_018694604,keep
chr06_019152772,keep
chr06_019412045,keep
chr06_019677446,keep
chr06_019684920,keep
chr06_020686382,keep
chr06_020864310,keep
chr06_021634010,remove
chr06_021634060,remove
chr06_021634119,remove
chr06_021634141,remove
chr06_021634145,remove
chr06_021634203,remove
chr06_021634007,keep
chr06_021865699,keep
chr06_022324217,keep
chr06_022712475,keep
chr06_023154622,keep
chr06_023537562,keep
chr06_023794270,keep
chr06_024490501,remove
chr06_024490439,keep
chr06_024699373,keep
chr06_025184617,keep
chr06_025571656,keep
chr06_026213492,keep
chr06_026439248,keep
chr06_026641090,remove
chr06_026641127,remove
chr06_026641161,remove
chr06_026641048,keep
chr06_026746431,remove
chr06_026746365,keep
chr06_026996737,remove
chr06_026996665,keep
chr06_027084660,keep
chr06_027166748,keep
chr06_027605768,remove
chr06_027605781,remove
chr06_027605647,keep
chr06_027848344,keep
chr06_028048998,keep
chr06_028340948,keep
chr06_028744192,keep
chr06_029229489,remove
chr06_029229509,remove
chr06_029229544,remove
chr06_029229552,remove
chr06_029229602,remove
chr06_029229632,remove
chr06_029229696,remove
chr06_029229477,keep
chr06_029310123,keep
chr06_029469594,keep
chr06_029856646,keep
chr06_030365141,remove
chr06_030365142,remove
chr06_030365248,remove
chr06_030365112,keep
chr06_030420462,keep
chr06_030592347,keep
chr06_031044135,keep
chr06_031386380,keep
chr06_031704400,remove
chr06_031704367,keep
chr06_032013974,keep
chr06_032422241,keep
chr06_032430383,remove
chr06_032430270,keep
chr06_032544161,keep
chr06_032976427,remove
chr06_032976472,remove
chr06_032976504,remove
chr06_032976417,keep
chr06_033423181,remove
chr06_033423220,remove
chr06_033423235,remove
chr06_033423242,remove
chr06_033423268,remove
chr06_033423295,remove
chr06_033423108,keep
chr06_033839673,remove
chr06_033839713,remove
chr06_033839745,remove
chr06_033839632,keep
chr06_033984771,remove
chr06_033984618,keep
chr06_034304922,keep
chr06_034413312,keep
chr06_034503772,keep
chr06_034606099,keep
chr06_034643731,keep
chr06_034763290,remove
chr06_034763165,keep
chr06_034766145,keep
chr06_035021533,keep
chr06_035060429,keep
chr06_035200046,keep
chr06_035498829,keep
chr06_035518356,keep
chr06_035528045,keep
chr06_035627087,keep
chr06_035713371,keep
chr06_035714276,keep
chr06_035982771,keep
chr06_036138567,keep
chr06_036508915,keep
chr06_036724266,keep
chr06_036727437,remove
chr06_036727409,keep
chr06_036779706,remove
chr06_036779657,keep
chr06_036952085,keep
chr06_037116119,keep
chr06_037347029,remove
chr06_037346972,keep
chr06_037610244,keep
chr06_037720981,remove
chr06_037720941,keep
chr06_037726381,remove
chr06_037726272,keep
chr06_037870083,remove
chr06_037870200,remove
chr06_037870062,keep
chr06_038027474,keep
chr06_038338641,keep
chr06_038714178,keep
chr06_039380698,keep
chr06_039543187,keep
chr06_039633259,keep
chr06_040284475,keep
chr07_000387303,remove
chr07_000387248,keep
chr07_000730085,remove
chr07_000730009,keep
chr07_000800741,remove
chr07_000800794,remove
chr07_000800735,keep
chr07_000982994,keep
chr07_001270606,remove
chr07_001270619,remove
chr07_001270623,remove
chr07_001270599,keep
chr07_001272200,keep
chr07_001366597,remove
chr07_001366516,keep
chr07_001413687,keep
chr07_001466226,keep
chr07_001504514,keep
chr07_001562431,keep
chr07_001733999,remove
chr07_001733994,keep
chr07_002306855,keep
chr07_002436899,keep
chr07_002440250,keep
chr07_002467080,keep
chr07_002476957,keep
chr07_002480346,keep
chr07_002803021,keep
chr07_002897512,remove
chr07_002897532,remove
chr07_002897585,remove
chr07_002897639,remove
chr07_002897486,keep
chr07_002958193,keep
chr07_003169613,remove
chr07_003169496,keep
chr07_003200747,remove
chr07_003200778,remove
chr07_003200721,keep
chr07_003241755,remove
chr07_003241655,keep
chr07_003862670,keep
chr07_003908418,keep
chr07_004249521,remove
chr07_004249442,keep
chr07_004279350,keep
chr07_004291644,keep
chr07_004374035,remove
chr07_004374065,remove
chr07_004374004,keep
chr07_004573773,keep
chr07_004597753,keep
chr07_004607244,keep
chr07_004686735,keep
chr07_004960589,keep
chr07_005094154,keep
chr07_005218969,keep
chr07_005445330,keep
chr07_005460491,keep
chr07_006087629,keep
chr07_006240282,keep
chr07_006404170,keep
chr07_006526479,keep
chr07_006565088,keep
chr07_006694012,keep
chr07_006867386,keep
chr07_007183640,remove
chr07_007183441,keep
chr07_007356881,remove
chr07_007356859,keep
chr07_007384695,remove
chr07_007384761,remove
chr07_007384635,keep
chr07_007486544,remove
chr07_007486500,keep
chr07_007623282,keep
chr07_007639373,keep
chr07_007640327,keep
chr07_008046022,remove
chr07_008046028,remove
chr07_008046113,remove
chr07_008046127,remove
chr07_008046004,keep
chr07_008102516,keep
chr07_008453725,keep
chr07_008510890,keep
chr07_008578559,keep
chr07_008690080,keep
chr07_008857674,keep
chr07_009028823,remove
chr07_009028740,keep
chr07_009803175,keep
chr07_009901825,keep
chr07_010000593,keep
chr07_010243856,remove
chr07_010243734,keep
chr07_010251972,keep
chr07_010550854,keep
chr07_010745049,keep
chr07_010866203,remove
chr07_010866214,remove
chr07_010866178,keep
chr07_011344881,keep
chr07_011395990,remove
chr07_011395951,keep
chr07_011854969,remove
chr07_011854979,remove
chr07_011854994,remove
chr07_011855045,remove
chr07_011855110,remove
chr07_011855111,remove
chr07_011855183,remove
chr07_011854960,keep
chr07_012059444,keep
chr07_013031813,keep
chr07_013222833,keep
chr07_013444037,keep
chr07_013655249,keep
chr07_014519474,remove
chr07_014519481,remove
chr07_014519538,remove
chr07_014519563,remove
chr07_014519453,keep
chr07_014926338,keep
chr07_015408409,keep
chr07_015748250,keep
chr07_016646920,remove
chr07_016646836,keep
chr07_016916807,keep
chr07_017620862,keep
chr07_017777083,keep
chr07_017980539,remove
chr07_017980542,remove
chr07_017980556,remove
chr07_017980443,keep
chr07_017982053,keep
chr07_018303305,keep
chr07_019187237,keep
chr07_019920238,keep
chr07_020548862,keep
chr07_021311883,keep
chr07_021484053,keep
chr07_022281032,keep
chr07_023352019,keep
chr07_023692323,keep
chr07_024404078,keep
chr07_024981140,keep
chr07_025125700,remove
chr07_025125670,keep
chr07_025394553,keep
chr07_025472213,remove
chr07_025472229,remove
chr07_025472248,remove
chr07_025472310,remove
chr07_025472332,remove
chr07_025472333,remove
chr07_025472340,remove
chr07_025472208,keep
chr07_025656406,keep
chr07_025818354,remove
chr07_025818288,keep
chr07_026060140,remove
chr07_026060119,keep
chr07_026520094,keep
chr07_026691936,keep
chr07_027322139,keep
chr07_027336769,keep
chr07_027497184,remove
chr07_027497212,remove
chr07_027497141,keep
chr07_028146418,keep
chr07_028579536,remove
chr07_028579494,keep
chr07_028837466,keep
chr07_029732534,keep
chr07_029815404,keep
chr07_030208499,remove
chr07_030208567,remove
chr07_030208428,keep
chr07_030358760,keep
chr07_030708996,remove
chr07_030709057,remove
chr07_030708995,keep
chr07_030908006,keep
chr07_030910541,keep
chr07_030940119,keep
chr07_030986470,keep
chr07_030998112,remove
chr07_030998092,keep
chr07_031000688,keep
chr07_031023232,keep
chr07_031125893,remove
chr07_031125836,keep
chr07_031134738,keep
chr07_031210918,remove
chr07_031210963,remove
chr07_031210853,keep
chr07_031872131,keep
chr07_032412780,remove
chr07_032412596,keep
chr07_032504539,keep
chr07_032770306,keep
chr07_032818545,remove
chr07_032818555,remove
chr07_032818622,remove
chr07_032818536,keep
chr07_033021958,remove
chr07_033021956,keep
chr07_033089625,keep
chr07_033262163,keep
chr07_033386085,remove
chr07_033386043,keep
chr07_033615599,remove
chr07_033615582,keep
chr07_033891275,keep
chr07_034118789,keep
chr07_034372246,keep
chr07_034428980,remove
chr07_034428983,remove
chr07_034428935,keep
chr07_034699752,remove
chr07_034699659,keep
chr07_035291765,remove
chr07_035291763,keep
chr07_035510240,keep
chr07_035558168,remove
chr07_035558010,keep
chr07_035574495,remove
chr07_035574432,keep
chr07_036005588,remove
chr07_036005604,remove
chr07_036005478,keep
chr07_036757574,keep
chr07_036803076,remove
chr07_036802989,keep
chr07_036803147,remove
chr08_000056185,keep
chr08_000516011,keep
chr08_000558012,keep
chr08_000576875,remove
chr08_000576870,keep
chr08_000578125,keep
chr08_000599165,keep
chr08_000943385,remove
chr08_000943381,keep
chr08_000988766,keep
chr08_001021542,remove
chr08_001021571,remove
chr08_001021575,remove
chr08_001021444,keep
chr08_001052805,keep
chr08_001200286,remove
chr08_001200130,keep
chr08_001393460,remove
chr08_001393435,keep
chr08_001398480,remove
chr08_001398536,remove
chr08_001398400,keep
chr08_001666831,remove
chr08_001666779,keep
chr08_001691795,remove
chr08_001691699,keep
chr08_001740087,keep
chr08_001949134,keep
chr08_002634187,keep
chr08_003123929,remove
chr08_003123919,keep
chr08_003129664,keep
chr08_003139025,keep
chr08_003277386,keep
chr08_003357477,keep
chr08_003447773,remove
chr08_003447807,remove
chr08_003447833,remove
chr08_003447920,remove
chr08_003447755,keep
chr08_003623144,keep
chr08_003925384,keep
chr08_004011195,keep
chr08_004013028,remove
chr08_004013007,keep
chr08_004252668,keep
chr08_004340641,keep
chr08_004592566,remove
chr08_004592612,remove
chr08_004592613,remove
chr08_004592692,remove
chr08_004592696,remove
chr08_004592522,keep
chr08_004645906,remove
chr08_004645864,keep
chr08_004940577,remove
chr08_004940484,keep
chr08_005076386,remove
chr08_005076429,remove
chr08_005076307,keep
chr08_005737714,keep
chr08_005740029,keep
chr08_005814532,keep
chr08_005994942,remove
chr08_005995066,remove
chr08_005994894,keep
chr08_006262238,keep
chr08_006800393,remove
chr08_006800394,remove
chr08_006800397,remove
chr08_006800414,remove
chr08_006800441,remove
chr08_006800454,remove
chr08_006800461,remove
chr08_006800385,keep
chr08_006898302,keep
chr08_007135186,keep
chr08_007528936,remove
chr08_007528957,remove
chr08_007528802,keep
chr08_007537634,remove
chr08_007537534,keep
chr08_007582092,keep
chr08_007590132,remove
chr08_007590062,keep
chr08_007611166,keep
chr08_008139103,keep
chr08_008398870,keep
chr08_008448017,keep
chr08_008932393,remove
chr08_008932331,keep
chr08_008958253,keep
chr08_009509177,keep
chr08_009867283,keep
chr08_010323678,keep
chr08_010336148,keep
chr08_010683670,remove
chr08_010683671,remove
chr08_010683620,keep
chr08_010893081,keep
chr08_011020494,remove
chr08_011020526,remove
chr08_011020550,remove
chr08_011020483,keep
chr08_011249543,keep
chr08_011251790,remove
chr08_011251821,remove
chr08_011251783,keep
chr08_011307408,keep
chr08_011595403,keep
chr08_012081200,keep
chr08_012186630,keep
chr08_012209583,keep
chr08_012316323,keep
chr08_012936708,keep
chr08_012938246,keep
chr08_013582759,keep
chr08_013745032,keep
chr08_014534144,keep
chr08_014844239,keep
chr08_015356646,remove
chr08_015356623,keep
chr08_015368248,remove
chr08_015368308,remove
chr08_015368201,keep
chr08_015679890,keep
chr08_015984026,keep
chr08_016052258,keep
chr08_016726046,remove
chr08_016725909,keep
chr08_016809028,remove
chr08_016808964,keep
chr08_016898445,keep
chr08_017564293,keep
chr08_018092099,keep
chr08_018567482,keep
chr08_018698221,keep
chr08_019505311,keep
chr08_019799604,keep
chr08_019878397,keep
chr08_020044888,keep
chr08_020121482,remove
chr08_020121409,keep
chr08_021034550,remove
chr08_021034602,remove
chr08_021034612,remove
chr08_021034616,remove
chr08_021034617,remove
chr08_021034549,keep
chr08_021394203,keep
chr08_021529428,keep
chr08_022457019,keep
chr08_022822596,keep
chr08_023888013,keep
chr08_024254060,keep
chr08_024358076,keep
chr08_024630092,keep
chr08_025318618,keep
chr08_025551412,keep
chr08_025806044,remove
chr08_025805882,keep
chr08_025952205,keep
chr08_025968774,keep
chr08_026271676,keep
chr08_026650098,keep
chr08_026654202,keep
chr08_027288352,keep
chr08_027762839,keep
chr08_028080069,keep
chr08_028449938,keep
chr08_028630222,keep
chr08_028844954,keep
chr08_028879028,remove
chr08_028879044,remove
chr08_028879152,remove
chr08_028879187,remove
chr08_028879015,keep
chr08_028883531,keep
chr08_028934686,keep
chr08_029100257,keep
chr08_029216372,keep
chr08_029651045,keep
chr08_029682800,remove
chr08_029682945,remove
chr08_029682799,keep
chr08_029907825,remove
chr08_029907732,keep
chr08_030147563,remove
chr08_030147608,remove
chr08_030147442,keep
chr08_030727592,remove
chr08_030727562,keep
chr08_031195172,remove
chr08_031195104,keep
chr08_031216594,keep
chr08_031693731,keep
chr08_031848273,remove
chr08_031848269,keep
chr08_032276208,remove
chr08_032276209,remove
chr08_032276132,keep
chr08_032412254,keep
chr08_032594512,remove
chr08_032594549,remove
chr08_032594562,remove
chr08_032594481,keep
chr08_032954262,remove
chr08_032954357,remove
chr08_032954217,keep
chr08_033186931,keep
chr08_033198166,keep
chr08_033897032,keep
chr08_034182967,remove
chr08_034183002,remove
chr08_034182837,keep
chr08_034459921,keep
chr08_034523456,keep
chr08_034708169,remove
chr08_034708178,remove
chr08_034708076,keep
chr08_034814590,remove
chr08_034814616,remove
chr08_034814630,remove
chr08_034814641,remove
chr08_034814560,keep
chr08_035100292,keep
chr08_035524254,keep
chr08_036058149,keep
chr08_036538924,keep
chr08_036832306,keep
chr08_036988583,keep
chr08_037587232,keep
chr08_037598877,keep
chr08_037683000,keep
chr08_038253128,keep
chr09_000048678,keep
chr09_000183150,keep
chr09_000634304,remove
chr09_000634275,keep
chr09_000842502,keep
chr09_000847000,keep
chr09_001154255,keep
chr09_001255698,remove
chr09_001255701,remove
chr09_001255542,keep
chr09_001256093,keep
chr09_001313542,keep
chr09_001314186,keep
chr09_001362314,remove
chr09_001362257,keep
chr09_001387925,keep
chr09_001429867,remove
chr09_001429712,keep
chr09_001614578,remove
chr09_001614631,remove
chr09_001614530,keep
chr09_001656724,keep
chr09_001914672,remove
chr09_001914683,remove
chr09_001914611,keep
chr09_001923316,keep
chr09_001959697,keep
chr09_002086981,keep
chr09_002394263,keep
chr09_002466159,keep
chr09_002846284,keep
chr09_003105313,keep
chr09_003166968,remove
chr09_003166991,remove
chr09_003167092,remove
chr09_003166945,keep
chr09_003568833,keep
chr09_003753059,keep
chr09_004226528,keep
chr09_004377032,remove
chr09_004377031,keep
chr09_004383774,keep
chr09_004538943,remove
chr09_004538831,keep
chr09_004543045,keep
chr09_004559741,keep
chr09_004567546,remove
chr09_004567530,keep
chr09_004708688,remove
chr09_004708670,keep
chr09_004764326,keep
chr09_004796578,keep
chr09_004839568,keep
chr09_005052200,keep
chr09_005256021,remove
chr09_005255972,keep
chr09_005386027,keep
chr09_005699438,keep
chr09_005725932,keep
chr09_005837628,remove
chr09_005837549,keep
chr09_005870828,keep
chr09_005922345,remove
chr09_005922163,keep
chr09_006186296,keep
chr09_006223294,keep
chr09_006758817,keep
chr09_006888740,keep
chr09_007222036,remove
chr09_007221967,keep
chr09_007546211,remove
chr09_007546345,remove
chr09_007546380,remove
chr09_007546186,keep
chr09_007644472,keep
chr09_007870653,keep
chr09_007900841,remove
chr09_007900801,keep
chr09_008029033,remove
chr09_008028982,keep
chr09_008597655,keep
chr09_008835521,keep
chr09_009184263,keep
chr09_009186124,keep
chr09_009220033,remove
chr09_009219997,keep
chr09_009498647,keep
chr09_009517220,keep
chr09_009569899,keep
chr09_009911605,remove
chr09_009911493,keep
chr09_009912680,remove
chr09_009912700,remove
chr09_009912739,remove
chr09_009912660,keep
chr09_010196127,keep
chr09_010235535,keep
chr09_010280763,keep
chr09_010314676,remove
chr09_010314691,remove
chr09_010314718,remove
chr09_010314855,remove
chr09_010314864,remove
chr09_010314870,remove
chr09_010314886,remove
chr09_010314892,remove
chr09_010314669,keep
chr09_010465441,keep
chr09_010810013,keep
chr09_011093122,keep
chr09_011369054,keep
chr09_011595306,remove
chr09_011595275,keep
chr09_011600993,remove
chr09_011600953,keep
chr09_011604677,remove
chr09_011604684,remove
chr09_011604738,remove
chr09_011604820,remove
chr09_011604660,keep
chr09_011680255,remove
chr09_011680095,keep
chr09_012085903,keep
chr09_012450858,remove
chr09_012450834,keep
chr09_012838118,remove
chr09_012838135,remove
chr09_012838140,remove
chr09_012838104,keep
chr09_012865570,keep
chr09_013287810,keep
chr09_013912834,keep
chr09_013989349,keep
chr09_014543754,remove
chr09_014543864,remove
chr09_014543731,keep
chr09_014685147,keep
chr09_014988141,keep
chr09_015446061,keep
chr09_015561838,keep
chr09_015564184,keep
chr09_015567355,remove
chr09_015567204,keep
chr09_015638403,keep
chr09_015684094,keep
chr09_015740110,keep
chr09_015760060,keep
chr09_016312015,keep
chr09_016313500,keep
chr09_016568848,keep
chr09_016621900,keep
chr09_016887803,remove
chr09_016887872,remove
chr09_016887873,remove
chr09_016887982,remove
chr09_016887797,keep
chr09_017375576,keep
chr09_017691994,keep
chr09_018057630,keep
chr09_018123572,keep
chr09_018404973,remove
chr09_018404975,remove
chr09_018404993,remove
chr09_018405002,remove
chr09_018404852,keep
chr09_018662170,keep
chr09_019053099,keep
chr09_019460212,keep
chr09_019553968,remove
chr09_019553993,remove
chr09_019553871,keep
chr09_020163817,keep
chr09_020465004,remove
chr09_020465040,remove
chr09_020464978,keep
chr09_020466605,keep
chr09_020668539,remove
chr09_020668546,remove
chr09_020668568,remove
chr09_020668648,remove
chr09_020668649,remove
chr09_020668664,remove
chr09_020668723,remove
chr09_020668505,keep
chr09_020840218,keep
chr09_020928275,remove
chr09_020928308,remove
chr09_020928266,keep
chr09_021150588,keep
chr09_021624015,keep
chr09_021630281,keep
chr09_021812941,keep
chr09_022115236,remove
chr09_022115349,remove
chr09_022115385,remove
chr09_022115182,keep
chr09_022116326,keep
chr09_022314065,remove
chr09_022313972,keep
chr09_022396793,keep
chr09_022926219,keep
chr09_023290817,keep
chr09_023422855,keep
chr09_023737467,keep
chr09_024139588,keep
chr09_024202030,keep
chr09_024367731,keep
chr09_024917006,keep
chr09_025429039,keep
chr09_025533149,keep
chr09_026408337,remove
chr09_026408336,keep
chr09_026933339,keep
chr09_027171146,keep
chr09_027557432,remove
chr09_027557395,keep
chr09_027669611,remove
chr09_027669666,remove
chr09_027669669,remove
chr09_027669708,remove
chr09_027669727,remove
chr09_027669610,keep
chr09_027670531,remove
chr09_027670526,keep
chr09_028161618,keep
chr09_028513005,keep
chr09_028716492,keep
chr09_029249293,keep
chr09_029693423,remove
chr09_029693408,keep
chr09_030088291,keep
chr09_030670391,keep
chr09_030926935,keep
chr09_031324348,keep
chr09_031920776,keep
chr09_032095706,keep
chr09_032564480,keep
chr09_032787098,keep
chr09_033026689,keep
chr09_033470547,keep
chr09_034241401,keep
chr09_034424465,keep
chr09_034928640,keep
chr09_035374059,keep
chr09_035397845,keep
chr09_035893245,keep
chr09_036266430,keep
chr09_036647423,keep
chr09_037352830,keep
chr09_037764635,keep
chr09_038023246,keep
chr09_038322347,keep
chr09_038342017,keep
chr09_038656205,keep
chr09_039352042,keep
chr09_039378863,keep
chr09_039827612,keep
chr09_040344348,keep
chr09_040427140,keep
chr09_041081142,keep
chr09_041407931,keep
chr10_000053732,keep
chr10_000056734,keep
chr10_000302999,remove
chr10_000302955,keep
chr10_000425350,keep
chr10_000456652,keep
chr10_000467651,remove
chr10_000467634,keep
chr10_000479726,keep
chr10_000604293,keep
chr10_000756838,keep
chr10_000886291,keep
chr10_000897856,keep
chr10_000941097,remove
chr10_000940990,keep
chr10_001157266,keep
chr10_001230786,remove
chr10_001230688,keep
chr10_001593524,keep
chr10_001858789,keep
chr10_002232024,keep
chr10_002288902,keep
chr10_002541127,keep
chr10_002696369,remove
chr10_002696370,remove
chr10_002696535,remove
chr10_002696359,keep
chr10_002704723,remove
chr10_002704663,keep
chr10_002962379,keep
chr10_003331783,remove
chr10_003331813,remove
chr10_003331782,keep
chr10_003464307,keep
chr10_003858801,keep
chr10_003996408,keep
chr10_004058124,keep
chr10_004268138,keep
chr10_004398245,keep
chr10_004779253,keep
chr10_005285021,keep
chr10_005286298,remove
chr10_005286345,remove
chr10_005286424,remove
chr10_005286432,remove
chr10_005286279,keep
chr10_005426137,keep
chr10_005649036,keep
chr10_006137874,remove
chr10_006137878,remove
chr10_006137890,remove
chr10_006137964,remove
chr10_006137869,keep
chr10_006373540,remove
chr10_006373561,remove
chr10_006373579,remove
chr10_006373675,remove
chr10_006373521,keep
chr10_006657041,keep
chr10_007025764,keep
chr10_007058453,keep
chr10_007492763,remove
chr10_007492747,keep
chr10_007657615,remove
chr10_007657536,keep
chr10_007677167,keep
chr10_008185294,keep
chr10_008327351,keep
chr10_008662136,keep
chr10_008692467,keep
chr10_008787431,remove
chr10_008787562,remove
chr10_008787574,remove
chr10_008787429,keep
chr10_008870954,keep
chr10_009217439,remove
chr10_009217595,remove
chr10_009217408,keep
chr10_009516205,keep
chr10_009523137,keep
chr10_010039517,keep
chr10_010376102,keep
chr10_010484069,keep
chr10_010533124,keep
chr10_011358315,keep
chr10_011810834,keep
chr10_011870054,remove
chr10_011870031,keep
chr10_012559028,keep
chr10_012810076,keep
chr10_012951333,keep
chr10_013574087,keep
chr10_013765668,keep
chr10_013933412,keep
chr10_013934850,keep
chr10_014218036,keep
chr10_014408214,keep
chr10_015201549,keep
chr10_015244448,keep
chr10_015412679,keep
chr10_016495764,remove
chr10_016495702,keep
chr10_016958768,keep
chr10_017134799,keep
chr10_017349759,keep
chr10_017370317,keep
chr10_017798218,keep
chr10_018120143,keep
chr10_018496269,keep
chr10_018661703,keep
chr10_018999040,keep
chr10_019344990,keep
chr10_019983777,keep
chr10_020404264,keep
chr10_020483695,remove
chr10_020483710,remove
chr10_020483713,remove
chr10_020483662,keep
chr10_020805675,remove
chr10_020805685,remove
chr10_020805698,remove
chr10_020805753,remove
chr10_020805673,keep
chr10_021192425,remove
chr10_021192358,keep
chr10_021743091,keep
chr10_021906923,keep
chr10_021964121,keep
chr10_022452773,keep
chr10_022658372,keep
chr10_023060949,keep
chr10_023343822,remove
chr10_023343702,keep
chr10_023537683,keep
chr10_023761524,keep
chr10_024056758,keep
chr10_024100836,keep
chr10_024253083,keep
chr10_024553053,keep
chr10_024714277,remove
chr10_024714149,keep
chr10_025354512,keep
chr10_025625703,keep
chr10_026028756,remove
chr10_026028789,remove
chr10_026028830,remove
chr10_026028634,keep
chr10_026181534,remove
chr10_026181479,keep
chr10_026692317,keep
chr10_027015443,keep
chr10_027355952,keep
chr10_027574002,keep
chr10_027702558,remove
chr10_027702472,keep
chr10_027804736,remove
chr10_027804741,remove
chr10_027804714,keep
chr10_027809769,keep
chr10_028114892,keep
chr10_028362295,remove
chr10_028362305,remove
chr10_028362394,remove
chr10_028362405,remove
chr10_028362285,keep
chr10_028465609,remove
chr10_028465586,keep
chr10_028500702,remove
chr10_028500647,keep
chr10_028816326,remove
chr10_028816256,keep
chr10_029096220,remove
chr10_029096107,keep
chr10_029128228,keep
chr10_029185668,keep
chr10_029269833,remove
chr10_029269839,remove
chr10_029269786,keep
chr10_029693339,keep
chr10_029800861,remove
chr10_029800825,keep
chr10_030167363,keep
chr10_030235626,keep
chr10_030554312,remove
chr10_030554344,remove
chr10_030554214,keep
chr10_030568321,keep
chr10_030886054,keep
chr10_031014399,keep
chr10_031057473,keep
chr10_031204423,keep
chr10_031666701,keep
chr10_031935259,remove
chr10_031935278,remove
chr10_031935247,keep
chr10_032242021,keep
chr10_032373000,remove
chr10_032372959,keep
chr10_032758540,remove
chr10_032758530,keep
chr10_032911645,remove
chr10_032911582,keep
chr10_033015400,keep
chr10_033208991,remove
chr10_033208978,keep
chr10_033251232,remove
chr10_033251236,remove
chr10_033251072,keep
chr10_033340913,keep
chr11_000338729,keep
chr11_000557604,remove
chr11_000557544,keep
chr11_000558183,keep
chr11_000821633,remove
chr11_000821597,keep
chr11_000924552,keep
chr11_000943158,keep
chr11_001022415,keep
chr11_001029015,keep
chr11_001165139,remove
chr11_001165186,remove
chr11_001165055,keep
chr11_001812768,remove
chr11_001812794,remove
chr11_001812757,keep
chr11_001922267,keep
chr11_002585490,keep
chr11_002796678,keep
chr11_003348967,keep
chr11_003414770,keep
chr11_003949633,remove
chr11_003949514,keep
chr11_004198855,remove
chr11_004199003,remove
chr11_004198804,keep
chr11_004360349,remove
chr11_004360357,remove
chr11_004360376,remove
chr11_004360407,remove
chr11_004360468,remove
chr11_004360325,keep
chr11_004786786,keep
chr11_004952613,remove
chr11_004952599,keep
chr11_005011097,keep
chr11_005029543,keep
chr11_005434535,keep
chr11_005546243,remove
chr11_005546121,keep
chr11_005548275,keep
chr11_005581462,keep
chr11_005809861,keep
chr11_006081912,remove
chr11_006081812,keep
chr11_006194095,keep
chr11_006705556,keep
chr11_007076500,remove
chr11_007076529,remove
chr11_007076538,remove
chr11_007076598,remove
chr11_007076624,remove
chr11_007076498,keep
chr11_007201789,keep
chr11_007221626,keep
chr11_007302188,keep
chr11_007308144,keep
chr11_007526678,keep
chr11_007758636,remove
chr11_007758644,remove
chr11_007758476,keep
chr11_007843845,keep
chr11_007913393,remove
chr11_007913425,remove
chr11_007913320,keep
chr11_007959226,remove
chr11_007959135,keep
chr11_008392709,keep
chr11_008477297,keep
chr11_008891846,keep
chr11_009217236,keep
chr11_009487166,keep
chr11_009553410,keep
chr11_009603408,remove
chr11_009603429,remove
chr11_009603306,keep
chr11_009763977,remove
chr11_009764015,remove
chr11_009764048,remove
chr11_009763932,keep
chr11_009803944,keep
chr11_010026534,keep
chr11_010042184,keep
chr11_010073107,remove
chr11_010073002,keep
chr11_010283458,keep
chr11_010595288,keep
chr11_010797163,keep
chr11_010854908,keep
chr11_011715343,keep
chr11_011804202,keep
chr11_012257435,keep
chr11_012529264,keep
chr11_013002501,keep
chr11_013104569,keep
chr11_013263085,remove
chr11_013263087,remove
chr11_013262997,keep
chr11_013407863,keep
chr11_013430606,keep
chr11_013534265,keep
chr11_013613849,remove
chr11_013613871,remove
chr11_013613980,remove
chr11_013613806,keep
chr11_013725268,keep
chr11_014120160,keep
chr11_014344405,keep
chr11_014671491,keep
chr11_014739253,keep
chr11_014886765,keep
chr11_015265263,keep
chr11_015403157,keep
chr11_015442658,remove
chr11_015442540,keep
chr11_015662919,keep
chr11_015973683,keep
chr11_016190235,keep
chr11_016317034,keep
chr11_016602955,keep
chr11_016901341,keep
chr11_017278636,remove
chr11_017278672,remove
chr11_017278600,keep
chr11_017684150,keep
chr11_017964127,keep
chr11_018317543,keep
chr11_018569792,keep
chr11_019070684,keep
chr11_019184435,keep
chr11_019649506,keep
chr11_020197141,keep
chr11_020409048,keep
chr11_020947528,keep
chr11_021528767,keep
chr11_022116709,remove
chr11_022116747,remove
chr11_022116775,remove
chr11_022116797,remove
chr11_022116676,keep
chr11_022750423,keep
chr11_022984662,keep
chr11_023149721,keep
chr11_023481165,keep
chr11_024005853,keep
chr11_024112099,keep
chr11_025066370,keep
chr11_025127044,remove
chr11_025127086,remove
chr11_025127023,keep
chr11_025608372,keep
chr11_025781108,remove
chr11_025781022,keep
chr11_026158220,keep
chr11_026472705,keep
chr11_027200096,keep
chr11_027505015,remove
chr11_027504999,keep
chr11_027618063,remove
chr11_027618022,keep
chr11_027769349,remove
chr11_027769303,keep
chr11_027894327,keep
chr11_028295309,keep
chr11_028664101,keep
chr11_029227413,keep
chr11_029278228,remove
chr11_029278233,remove
chr11_029278168,keep
chr11_029336887,keep
chr11_029345416,remove
chr11_029345517,remove
chr11_029345528,remove
chr11_029345543,remove
chr11_029345399,keep
chr11_029582093,remove
chr11_029582026,keep
chr11_029592121,keep
chr11_029593989,keep
chr11_029716903,remove
chr11_029716871,keep
chr11_029865127,remove
chr11_029865133,remove
chr11_029865089,keep
chr11_030099104,keep
chr11_030118600,remove
chr11_030118736,remove
chr11_030118595,keep
chr11_030353955,keep
chr11_030686187,keep
chr11_031156619,remove
chr11_031156664,remove
chr11_031156696,remove
chr11_031156703,remove
chr11_031156782,remove
chr11_031156817,remove
chr11_031156610,keep
chr11_031184155,remove
chr11_031184089,keep
chr11_031186836,keep
chr11_031497036,remove
chr11_031497066,remove
chr11_031497096,remove
chr11_031497167,remove
chr11_031497018,keep
chr11_031598204,remove
chr11_031598322,remove
chr11_031598334,remove
chr11_031598171,keep
chr11_031736683,keep
chr11_032271155,keep
chr11_032321616,keep
chr11_032803069,keep
chr11_033250109,keep
chr11_033374447,keep
chr11_033653327,keep
chr11_034325260,remove
chr11_034325173,keep
chr11_034334373,keep
chr11_034466841,remove
chr11_034466868,remove
chr11_034466876,remove
chr11_034466965,remove
chr11_034466818,keep
chr11_034844641,keep
chr11_035249665,keep
chr11_035363225,keep
chr11_035564607,remove
chr11_035564572,keep
chr11_035842226,keep
chr11_036172088,keep
chr11_036741378,keep
chr11_036972613,keep
chr11_037407551,keep
chr11_037512742,keep
chr11_037690940,keep
chr11_038202595,keep
chr12_000086281,remove
chr12_000086292,remove
chr12_000086324,remove
chr12_000086253,keep
chr12_000532598,keep
chr12_000724529,keep
chr12_000899474,remove
chr12_000899498,remove
chr12_000899387,keep
chr12_000942009,keep
chr12_001054439,remove
chr12_001054405,keep
chr12_001323518,remove
chr12_001323504,keep
chr12_001636162,keep
chr12_001898244,keep
chr12_002433487,remove
chr12_002433495,remove
chr12_002433501,remove
chr12_002433512,remove
chr12_002433391,keep
chr12_002621438,keep
chr12_002886270,keep
chr12_003096037,keep
chr12_003561059,remove
chr12_003561090,remove
chr12_003561111,remove
chr12_003561136,remove
chr12_003561159,remove
chr12_003561039,keep
chr12_003562874,remove
chr12_003562919,remove
chr12_003562724,keep
chr12_003587836,remove
chr12_003587844,remove
chr12_003587817,keep
chr12_003875525,keep
chr12_003992977,keep
chr12_004000067,remove
chr12_004000054,keep
chr12_004322334,remove
chr12_004322348,remove
chr12_004322410,remove
chr12_004322321,keep
chr12_004616618,keep
chr12_004940707,keep
chr12_005182420,remove
chr12_005182440,remove
chr12_005182382,keep
chr12_005280581,keep
chr12_005300841,keep
chr12_005689470,remove
chr12_005689365,keep
chr12_006194353,keep
chr12_006398354,keep
chr12_006693887,keep
chr12_007006574,keep
chr12_007321172,keep
chr12_007340721,keep
chr12_007350465,remove
chr12_007350382,keep
chr12_007400608,remove
chr12_007400623,remove
chr12_007400653,remove
chr12_007400677,remove
chr12_007400557,keep
chr12_007405644,remove
chr12_007405569,keep
chr12_007516095,keep
chr12_007824143,keep
chr12_008322316,keep
chr12_008628157,keep
chr12_008647472,keep
chr12_008662304,remove
chr12_008662204,keep
chr12_008763201,remove
chr12_008763277,remove
chr12_008763280,remove
chr12_008763315,remove
chr12_008763162,keep
chr12_009086897,keep
chr12_009133148,keep
chr12_009215719,keep
chr12_009360514,keep
chr12_009735079,keep
chr12_009918826,keep
chr12_010183762,keep
chr12_010462315,remove
chr12_010462305,keep
chr12_010466826,remove
chr12_010466867,remove
chr12_010466937,remove
chr12_010466790,keep
chr12_010468794,keep
chr12_010862395,keep
chr12_011157863,keep
chr12_011475038,keep
chr12_011649333,keep
chr12_011899055,keep
chr12_012243208,remove
chr12_012243209,remove
chr12_012243257,remove
chr12_012243264,remove
chr12_012243281,remove
chr12_012243202,keep
chr12_012437318,keep
chr12_012453460,remove
chr12_012453553,remove
chr12_012453436,keep
chr12_012724357,keep
chr12_012857810,keep
chr12_012884324,keep
chr12_012914746,keep
chr12_012976351,keep
chr12_013408890,keep
chr12_013830734,keep
chr12_014231951,remove
chr12_014231964,remove
chr12_014231904,keep
chr12_014459770,keep
chr12_014853037,keep
chr12_014925007,keep
chr12_014937017,keep
chr12_015216253,remove
chr12_015216330,remove
chr12_015216414,remove
chr12_015216177,keep
chr12_015230426,keep
chr12_015980833,keep
chr12_016182845,keep
chr12_016352374,keep
chr12_016664129,keep
chr12_017008258,keep
chr12_017392930,keep
chr12_017680894,keep
chr12_017988321,keep
chr12_018351205,remove
chr12_018351073,keep
chr12_018392411,keep
chr12_018816298,keep
chr12_019103154,keep
chr12_019189268,keep
chr12_019703038,keep
chr12_019918407,keep
chr12_020217205,keep
chr12_020641339,keep
chr12_020868455,remove
chr12_020868445,keep
chr12_021729066,keep
chr12_021738781,keep
chr12_021816256,keep
chr12_022038761,keep
chr12_022355093,keep
chr12_022857393,keep
chr12_023658038,keep
chr12_023704792,keep
chr12_023748392,keep
chr12_024226970,keep
chr12_024488267,remove
chr12_024488273,remove
chr12_024488260,keep
chr12_024595101,keep
chr12_024713754,keep
chr12_025050914,keep
chr12_025077660,keep
chr12_025476054,keep
chr12_025854947,keep
chr12_025903129,keep
chr12_026457020,remove
chr12_026457026,remove
chr12_026457095,remove
chr12_026457132,remove
chr12_026457001,keep
chr12_027256749,keep
chr12_027445751,keep
chr12_027516441,remove
chr12_027516489,remove
chr12_027516346,keep
chr12_027710119,keep
chr12_027888372,keep
chr12_028149881,keep
chr12_028246588,keep
chr12_028286476,keep
chr12_028378398,keep
chr12_028742885,remove
chr12_028742797,keep
chr12_029502119,keep
chr12_029585555,keep
chr12_029742754,keep
chr12_029909573,keep
chr12_030078559,keep
chr12_030142292,remove
chr12_030142246,keep
chr12_030144376,keep
chr12_030506427,keep
chr12_030510255,keep
chr12_030560477,keep
chr12_030817807,remove
chr12_030817778,keep
chr12_030938994,keep
chr12_031246293,keep
chr12_031580147,keep
chr12_031900718,keep
chr12_032163986,remove
chr12_032163979,keep
chr12_032333795,keep
chr12_032736616,keep
chr12_032835701,remove
chr12_032835664,keep
chr12_033120361,keep
chr12_033131606,keep
chr12_033326758,keep
chr12_033671322,keep
chr12_033783317,keep
chr12_033828061,keep
chr12_033951913,keep
chr12_034202763,keep
chr12_034372584,keep
chr12_034591465,keep
chr12_034948486,keep
chr12_034955386,remove
chr12_034955398,remove
chr12_034955278,keep
chr12_035208831,keep
chr12_035742301,keep
chr12_035950045,keep
chr12_036090205,keep
chr12_036437314,keep
chr12_036562002,remove
chr12_036561976,keep
chr12_036816895,remove
chr12_036816887,keep
chr12_036962242,keep
chr12_037074339,keep
chr12_037456072,keep
chr12_037599013,keep
chr12_037919575,keep
chr12_038101961,keep
chr12_038162703,keep
chr12_038559171,keep
chr12_038910669,keep
chr12_039260963,keep
chr12_039379239,keep
chr12_039606323,keep
chr12_040002516,keep
chr12_040288016,keep
chr12_040618883,keep
chr12_040760045,keep
