chr01_00008907,chr01_000008907
chr01_00008984,chr01_000008984
chr01_00175030,chr01_000175030
chr01_00175165,chr01_000175165
chr01_00723732,chr01_000723732
chr01_00723781,chr01_000723781
chr01_00723871,chr01_000723871
chr01_00949241,chr01_000949241
chr01_01272907,chr01_001272907
chr01_01273044,chr01_001273044
chr01_01328316,chr01_001328316
chr01_01439331,chr01_001439331
chr01_01439357,chr01_001439357
chr01_01439376,chr01_001439376
chr01_01450802,chr01_001450802
chr01_01450867,chr01_001450867
chr01_01459243,chr01_001459243
chr01_01831908,chr01_001831908
chr01_01974844,chr01_001974844
chr01_01974937,chr01_001974937
chr01_01974959,chr01_001974959
chr01_02304148,chr01_002304148
chr01_02446068,chr01_002446068
chr01_02479044,chr01_002479044
chr01_02552514,chr01_002552514
chr01_02552552,chr01_002552552
chr01_02552573,chr01_002552573
chr01_02659844,chr01_002659844
chr01_02659894,chr01_002659894
chr01_02701030,chr01_002701030
chr01_02701177,chr01_002701177
chr01_02701216,chr01_002701216
chr01_02749173,chr01_002749173
chr01_02750096,chr01_002750096
chr01_02977274,chr01_002977274
chr01_02977356,chr01_002977356
chr01_02977411,chr01_002977411
chr01_03092865,chr01_003092865
chr01_03284498,chr01_003284498
chr01_03422355,chr01_003422355
chr01_04138065,chr01_004138065
chr01_04138170,chr01_004138170
chr01_04152821,chr01_004152821
chr01_04152842,chr01_004152842
chr01_04186267,chr01_004186267
chr01_04186329,chr01_004186329
chr01_04244686,chr01_004244686
chr01_04522927,chr01_004522927
chr01_05397257,chr01_005397257
chr01_05647029,chr01_005647029
chr01_05647196,chr01_005647196
chr01_05681105,chr01_005681105
chr01_05908846,chr01_005908846
chr01_05908969,chr01_005908969
chr01_06014568,chr01_006014568
chr01_06014664,chr01_006014664
chr01_06128452,chr01_006128452
chr01_06162681,chr01_006162681
chr01_06162715,chr01_006162715
chr01_06162733,chr01_006162733
chr01_06165162,chr01_006165162
chr01_06165219,chr01_006165219
chr01_06165235,chr01_006165235
chr01_06426192,chr01_006426192
chr01_06546394,chr01_006546394
chr01_06546413,chr01_006546413
chr01_06630067,chr01_006630067
chr01_06718155,chr01_006718155
chr01_06718243,chr01_006718243
chr01_06718262,chr01_006718262
chr01_06773129,chr01_006773129
chr01_07386534,chr01_007386534
chr01_07643666,chr01_007643666
chr01_07643741,chr01_007643741
chr01_07856610,chr01_007856610
chr01_08013059,chr01_008013059
chr01_08028758,chr01_008028758
chr01_08028790,chr01_008028790
chr01_08186582,chr01_008186582
chr01_08258331,chr01_008258331
chr01_08258375,chr01_008258375
chr01_08260218,chr01_008260218
chr01_08260282,chr01_008260282
chr01_08260320,chr01_008260320
chr01_08379038,chr01_008379038
chr01_08390494,chr01_008390494
chr01_08390536,chr01_008390536
chr01_08430160,chr01_008430160
chr01_08430234,chr01_008430234
chr01_08468099,chr01_008468099
chr01_08468208,chr01_008468208
chr01_08468286,chr01_008468286
chr01_08514828,chr01_008514828
chr01_08514882,chr01_008514882
chr01_08716868,chr01_008716868
chr01_09056051,chr01_009056051
chr01_09108118,chr01_009108118
chr01_09121550,chr01_009121550
chr01_09121636,chr01_009121636
chr01_09159741,chr01_009159741
chr01_09159801,chr01_009159801
chr01_09212668,chr01_009212668
chr01_09212708,chr01_009212708
chr01_09234526,chr01_009234526
chr01_09400321,chr01_009400321
chr01_09400411,chr01_009400411
chr01_09400470,chr01_009400470
chr01_09400509,chr01_009400509
chr01_09556567,chr01_009556567
chr01_09556596,chr01_009556596
chr01_09564291,chr01_009564291
chr01_09564360,chr01_009564360
chr01_09596934,chr01_009596934
chr01_09697854,chr01_009697854
chr01_09840105,chr01_009840105
chr01_09840153,chr01_009840153
chr01_09840218,chr01_009840218
chr01_09840234,chr01_009840234
chr01_09898221,chr01_009898221
chr01_09906648,chr01_009906648
chr01_09906675,chr01_009906675
chr01_10565071,chr01_010565071
chr01_10565264,chr01_010565264
chr01_10565284,chr01_010565284
chr01_10651550,chr01_010651550
chr01_10670530,chr01_010670530
chr01_10670558,chr01_010670558
chr01_10987670,chr01_010987670
chr01_10987715,chr01_010987715
chr01_11095491,chr01_011095491
chr01_11095525,chr01_011095525
chr01_11400143,chr01_011400143
chr01_11523011,chr01_011523011
chr01_11638343,chr01_011638343
chr01_12301670,chr01_012301670
chr01_12381458,chr01_012381458
chr01_12382003,chr01_012382003
chr01_12382020,chr01_012382020
chr01_12382096,chr01_012382096
chr01_12382131,chr01_012382131
chr01_12382200,chr01_012382200
chr01_12668171,chr01_012668171
chr01_12694249,chr01_012694249
chr01_12694267,chr01_012694267
chr01_12694294,chr01_012694294
chr01_12694335,chr01_012694335
chr01_12697575,chr01_012697575
chr01_13009652,chr01_013009652
chr01_13584471,chr01_013584471
chr01_13584570,chr01_013584570
chr01_14024643,chr01_014024643
chr01_14024669,chr01_014024669
chr01_14317206,chr01_014317206
chr01_14317369,chr01_014317369
chr01_14370339,chr01_014370339
chr01_15173326,chr01_015173326
chr01_15260368,chr01_015260368
chr01_15534097,chr01_015534097
chr01_15556074,chr01_015556074
chr01_15556114,chr01_015556114
chr01_16074913,chr01_016074913
chr01_16169213,chr01_016169213
chr01_16169287,chr01_016169287
chr01_16174641,chr01_016174641
chr01_16174740,chr01_016174740
chr01_16174797,chr01_016174797
chr01_16918798,chr01_016918798
chr01_17196294,chr01_017196294
chr01_17196397,chr01_017196397
chr01_17196423,chr01_017196423
chr01_17481133,chr01_017481133
chr01_17687057,chr01_017687057
chr01_18666185,chr01_018666185
chr01_18666325,chr01_018666325
chr01_18734158,chr01_018734158
chr01_18734260,chr01_018734260
chr01_19297521,chr01_019297521
chr01_19440627,chr01_019440627
chr01_20084630,chr01_020084630
chr01_21147142,chr01_021147142
chr01_21506097,chr01_021506097
chr01_21506207,chr01_021506207
chr01_21509091,chr01_021509091
chr01_21509151,chr01_021509151
chr01_21509175,chr01_021509175
chr01_22318355,chr01_022318355
chr01_22318457,chr01_022318457
chr01_22318519,chr01_022318519
chr01_22460583,chr01_022460583
chr01_22660963,chr01_022660963
chr01_22674801,chr01_022674801
chr01_22792171,chr01_022792171
chr01_23092666,chr01_023092666
chr01_23128018,chr01_023128018
chr01_23358064,chr01_023358064
chr01_23358151,chr01_023358151
chr01_23604552,chr01_023604552
chr01_23640059,chr01_023640059
chr01_23640129,chr01_023640129
chr01_23651321,chr01_023651321
chr01_23651350,chr01_023651350
chr01_23653711,chr01_023653711
chr01_23761878,chr01_023761878
chr01_23798068,chr01_023798068
chr01_23800643,chr01_023800643
chr01_23800778,chr01_023800778
chr01_24464273,chr01_024464273
chr01_24823549,chr01_024823549
chr01_24823569,chr01_024823569
chr01_24823665,chr01_024823665
chr01_25103462,chr01_025103462
chr01_25103486,chr01_025103486
chr01_25472146,chr01_025472146
chr01_25972164,chr01_025972164
chr01_25999896,chr01_025999896
chr01_26008411,chr01_026008411
chr01_26246353,chr01_026246353
chr01_26246387,chr01_026246387
chr01_26475375,chr01_026475375
chr01_26475423,chr01_026475423
chr01_26475463,chr01_026475463
chr01_26475584,chr01_026475584
chr01_26491438,chr01_026491438
chr01_26491587,chr01_026491587
chr01_26549108,chr01_026549108
chr01_26549199,chr01_026549199
chr01_27031571,chr01_027031571
chr01_27031610,chr01_027031610
chr01_28014493,chr01_028014493
chr01_28014577,chr01_028014577
chr01_28062583,chr01_028062583
chr01_28062629,chr01_028062629
chr01_28062739,chr01_028062739
chr01_28912415,chr01_028912415
chr01_28912435,chr01_028912435
chr01_29184283,chr01_029184283
chr01_29389567,chr01_029389567
chr01_29556091,chr01_029556091
chr01_29558344,chr01_029558344
chr01_29877619,chr01_029877619
chr01_29877717,chr01_029877717
chr01_29877744,chr01_029877744
chr01_30263914,chr01_030263914
chr01_30316071,chr01_030316071
chr01_30316138,chr01_030316138
chr01_30741122,chr01_030741122
chr01_30742341,chr01_030742341
chr01_30742405,chr01_030742405
chr01_30742444,chr01_030742444
chr01_31162161,chr01_031162161
chr01_31352977,chr01_031352977
chr01_31537857,chr01_031537857
chr01_31700436,chr01_031700436
chr01_31700541,chr01_031700541
chr01_31794634,chr01_031794634
chr01_31797284,chr01_031797284
chr01_32392319,chr01_032392319
chr01_32392390,chr01_032392390
chr01_32392487,chr01_032392487
chr01_33320787,chr01_033320787
chr01_33605889,chr01_033605889
chr01_33605915,chr01_033605915
chr01_33606040,chr01_033606040
chr01_33767903,chr01_033767903
chr01_33768022,chr01_033768022
chr01_33806827,chr01_033806827
chr01_34311779,chr01_034311779
chr01_34520148,chr01_034520148
chr01_34619411,chr01_034619411
chr01_34832858,chr01_034832858
chr01_35121599,chr01_035121599
chr01_35264260,chr01_035264260
chr01_35633764,chr01_035633764
chr01_35653398,chr01_035653398
chr01_35653510,chr01_035653510
chr01_35653573,chr01_035653573
chr01_35832998,chr01_035832998
chr01_35833075,chr01_035833075
chr01_36364677,chr01_036364677
chr01_36685024,chr01_036685024
chr01_36723205,chr01_036723205
chr01_36925318,chr01_036925318
chr01_36925419,chr01_036925419
chr01_36925504,chr01_036925504
chr01_36939785,chr01_036939785
chr01_36939832,chr01_036939832
chr01_36941014,chr01_036941014
chr01_36941040,chr01_036941040
chr01_37753942,chr01_037753942
chr01_37756427,chr01_037756427
chr01_37756444,chr01_037756444
chr01_37756510,chr01_037756510
chr01_37756579,chr01_037756579
chr01_37756604,chr01_037756604
chr01_37876277,chr01_037876277
chr01_37940139,chr01_037940139
chr01_39082143,chr01_039082143
chr01_39082182,chr01_039082182
chr01_39097109,chr01_039097109
chr01_39120985,chr01_039120985
chr01_39308781,chr01_039308781
chr01_39343429,chr01_039343429
chr01_40079858,chr01_040079858
chr01_40172977,chr01_040172977
chr01_40303398,chr01_040303398
chr01_40341049,chr01_040341049
chr01_40341099,chr01_040341099
chr01_40348232,chr01_040348232
chr01_40348300,chr01_040348300
chr01_40683530,chr01_040683530
chr01_40725824,chr01_040725824
chr01_40725903,chr01_040725903
chr01_40791087,chr01_040791087
chr01_40791267,chr01_040791267
chr01_40860638,chr01_040860638
chr01_41160086,chr01_041160086
chr01_41160194,chr01_041160194
chr01_41360992,chr01_041360992
chr01_41369530,chr01_041369530
chr01_41564970,chr01_041564970
chr01_41635548,chr01_041635548
chr01_41658421,chr01_041658421
chr01_41658451,chr01_041658451
chr01_41658478,chr01_041658478
chr01_41658515,chr01_041658515
chr01_41720437,chr01_041720437
chr01_42113433,chr01_042113433
chr01_42305029,chr01_042305029
chr01_42305086,chr01_042305086
chr01_42546361,chr01_042546361
chr01_42831102,chr01_042831102
chr01_43317317,chr01_043317317
chr01_43321344,chr01_043321344
chr01_43564813,chr01_043564813
chr01_43609797,chr01_043609797
chr01_43789377,chr01_043789377
chr01_43789426,chr01_043789426
chr01_43895404,chr01_043895404
chr01_44035175,chr01_044035175
chr01_44261400,chr01_044261400
chr01_45320095,chr01_045320095
chr01_46041731,chr01_046041731
chr01_46311201,chr01_046311201
chr01_46505152,chr01_046505152
chr01_46505272,chr01_046505272
chr01_46507151,chr01_046507151
chr01_46890114,chr01_046890114
chr01_46952789,chr01_046952789
chr01_46952882,chr01_046952882
chr01_47185671,chr01_047185671
chr01_47188043,chr01_047188043
chr01_47188102,chr01_047188102
chr01_47188152,chr01_047188152
chr01_47582078,chr01_047582078
chr01_47674607,chr01_047674607
chr01_47676044,chr01_047676044
chr01_47676137,chr01_047676137
chr01_47733281,chr01_047733281
chr01_47974958,chr01_047974958
chr01_47981156,chr01_047981156
chr01_48463286,chr01_048463286
chr01_48522389,chr01_048522389
chr01_48623341,chr01_048623341
chr01_48995696,chr01_048995696
chr02_00342231,chr02_000342231
chr02_00411350,chr02_000411350
chr02_00448546,chr02_000448546
chr02_00964056,chr02_000964056
chr02_01457361,chr02_001457361
chr02_01457415,chr02_001457415
chr02_01602372,chr02_001602372
chr02_01693396,chr02_001693396
chr02_01799990,chr02_001799990
chr02_01916425,chr02_001916425
chr02_02114419,chr02_002114419
chr02_02124059,chr02_002124059
chr02_02361795,chr02_002361795
chr02_02364388,chr02_002364388
chr02_02765594,chr02_002765594
chr02_02766483,chr02_002766483
chr02_03090428,chr02_003090428
chr02_03262682,chr02_003262682
chr02_03374238,chr02_003374238
chr02_03933260,chr02_003933260
chr02_04069514,chr02_004069514
chr02_04632097,chr02_004632097
chr02_04632118,chr02_004632118
chr02_04632149,chr02_004632149
chr02_04856486,chr02_004856486
chr02_04856523,chr02_004856523
chr02_04938348,chr02_004938348
chr02_04938364,chr02_004938364
chr02_04998040,chr02_004998040
chr02_05031306,chr02_005031306
chr02_05078769,chr02_005078769
chr02_05078815,chr02_005078815
chr02_05082930,chr02_005082930
chr02_05082971,chr02_005082971
chr02_05083121,chr02_005083121
chr02_05333201,chr02_005333201
chr02_05604751,chr02_005604751
chr02_05604808,chr02_005604808
chr02_05799327,chr02_005799327
chr02_05799465,chr02_005799465
chr02_05799490,chr02_005799490
chr02_05955564,chr02_005955564
chr02_05955744,chr02_005955744
chr02_05961316,chr02_005961316
chr02_06303971,chr02_006303971
chr02_06304021,chr02_006304021
chr02_06304084,chr02_006304084
chr02_06320758,chr02_006320758
chr02_06322991,chr02_006322991
chr02_06638238,chr02_006638238
chr02_06731901,chr02_006731901
chr02_06882335,chr02_006882335
chr02_06882480,chr02_006882480
chr02_06912172,chr02_006912172
chr02_07188123,chr02_007188123
chr02_07636084,chr02_007636084
chr02_07636175,chr02_007636175
chr02_07636205,chr02_007636205
chr02_07734861,chr02_007734861
chr02_07990055,chr02_007990055
chr02_08073933,chr02_008073933
chr02_08341392,chr02_008341392
chr02_08410309,chr02_008410309
chr02_08458332,chr02_008458332
chr02_08699099,chr02_008699099
chr02_08778693,chr02_008778693
chr02_08835722,chr02_008835722
chr02_08835784,chr02_008835784
chr02_08835842,chr02_008835842
chr02_08855143,chr02_008855143
chr02_09115504,chr02_009115504
chr02_09166445,chr02_009166445
chr02_09551395,chr02_009551395
chr02_10178124,chr02_010178124
chr02_10178207,chr02_010178207
chr02_10589428,chr02_010589428
chr02_10589497,chr02_010589497
chr02_10589532,chr02_010589532
chr02_10927625,chr02_010927625
chr02_11191395,chr02_011191395
chr02_11263944,chr02_011263944
chr02_11264074,chr02_011264074
chr02_11323538,chr02_011323538
chr02_11409656,chr02_011409656
chr02_11579440,chr02_011579440
chr02_11602187,chr02_011602187
chr02_11730619,chr02_011730619
chr02_11741724,chr02_011741724
chr02_11741882,chr02_011741882
chr02_11750556,chr02_011750556
chr02_12176279,chr02_012176279
chr02_12774276,chr02_012774276
chr02_13405618,chr02_013405618
chr02_13405677,chr02_013405677
chr02_13483139,chr02_013483139
chr02_13654261,chr02_013654261
chr02_13654329,chr02_013654329
chr02_13727826,chr02_013727826
chr02_13769419,chr02_013769419
chr02_14243169,chr02_014243169
chr02_14716098,chr02_014716098
chr02_14716150,chr02_014716150
chr02_15007978,chr02_015007978
chr02_15008159,chr02_015008159
chr02_15096663,chr02_015096663
chr02_15149323,chr02_015149323
chr02_15414824,chr02_015414824
chr02_15414906,chr02_015414906
chr02_15414929,chr02_015414929
chr02_16369950,chr02_016369950
chr02_17109149,chr02_017109149
chr02_17345602,chr02_017345602
chr02_17636880,chr02_017636880
chr02_17636914,chr02_017636914
chr02_17760463,chr02_017760463
chr02_17760493,chr02_017760493
chr02_18169881,chr02_018169881
chr02_18887712,chr02_018887712
chr02_19150104,chr02_019150104
chr02_19908339,chr02_019908339
chr02_21038289,chr02_021038289
chr02_21038347,chr02_021038347
chr02_21167457,chr02_021167457
chr02_22058065,chr02_022058065
chr02_22554245,chr02_022554245
chr02_23441529,chr02_023441529
chr02_23441563,chr02_023441563
chr02_23916119,chr02_023916119
chr02_24050222,chr02_024050222
chr02_24076170,chr02_024076170
chr02_24425393,chr02_024425393
chr02_24888319,chr02_024888319
chr02_25752929,chr02_025752929
chr02_25844269,chr02_025844269
chr02_26202722,chr02_026202722
chr02_26753556,chr02_026753556
chr02_27015707,chr02_027015707
chr02_27020941,chr02_027020941
chr02_27021015,chr02_027021015
chr02_27075905,chr02_027075905
chr02_27381410,chr02_027381410
chr02_27382144,chr02_027382144
chr02_27973850,chr02_027973850
chr02_28271516,chr02_028271516
chr02_28271554,chr02_028271554
chr02_28271581,chr02_028271581
chr02_28651939,chr02_028651939
chr02_29280624,chr02_029280624
chr02_29418075,chr02_029418075
chr02_29437919,chr02_029437919
chr02_29693120,chr02_029693120
chr02_29807791,chr02_029807791
chr02_29821059,chr02_029821059
chr02_29823143,chr02_029823143
chr02_30170426,chr02_030170426
chr02_30548194,chr02_030548194
chr02_30574416,chr02_030574416
chr02_30574437,chr02_030574437
chr02_30574526,chr02_030574526
chr02_30812795,chr02_030812795
chr02_30832430,chr02_030832430
chr02_30832537,chr02_030832537
chr02_30966022,chr02_030966022
chr02_30966117,chr02_030966117
chr02_31384151,chr02_031384151
chr02_31384173,chr02_031384173
chr02_31848846,chr02_031848846
chr02_31848884,chr02_031848884
chr02_32251451,chr02_032251451
chr02_32251507,chr02_032251507
chr02_32251546,chr02_032251546
chr02_32251584,chr02_032251584
chr02_32652008,chr02_032652008
chr02_32652039,chr02_032652039
chr02_32652134,chr02_032652134
chr02_32652172,chr02_032652172
chr02_32652200,chr02_032652200
chr02_32894268,chr02_032894268
chr02_32894325,chr02_032894325
chr02_32916864,chr02_032916864
chr02_32916910,chr02_032916910
chr02_33057973,chr02_033057973
chr02_33791781,chr02_033791781
chr02_33791882,chr02_033791882
chr02_33791944,chr02_033791944
chr02_33903550,chr02_033903550
chr02_33931247,chr02_033931247
chr02_34048173,chr02_034048173
chr02_34114251,chr02_034114251
chr02_34214976,chr02_034214976
chr02_34662499,chr02_034662499
chr02_34961557,chr02_034961557
chr02_34961595,chr02_034961595
chr02_34961740,chr02_034961740
chr02_35003827,chr02_035003827
chr02_35003851,chr02_035003851
chr02_35008127,chr02_035008127
chr02_35019750,chr02_035019750
chr02_35185310,chr02_035185310
chr02_35185377,chr02_035185377
chr02_35504039,chr02_035504039
chr02_36143226,chr02_036143226
chr02_36143301,chr02_036143301
chr02_36582174,chr02_036582174
chr02_37447361,chr02_037447361
chr02_37729930,chr02_037729930
chr02_37754301,chr02_037754301
chr02_38292141,chr02_038292141
chr02_39073674,chr02_039073674
chr02_39480065,chr02_039480065
chr02_40124310,chr02_040124310
chr03_00281604,chr03_000281604
chr03_00281698,chr03_000281698
chr03_00826444,chr03_000826444
chr03_01072073,chr03_001072073
chr03_01072117,chr03_001072117
chr03_01118887,chr03_001118887
chr03_01346486,chr03_001346486
chr03_01346528,chr03_001346528
chr03_01346562,chr03_001346562
chr03_01528328,chr03_001528328
chr03_01628334,chr03_001628334
chr03_01632089,chr03_001632089
chr03_01873190,chr03_001873190
chr03_01873393,chr03_001873393
chr03_01910384,chr03_001910384
chr03_01960943,chr03_001960943
chr03_02219376,chr03_002219376
chr03_02219522,chr03_002219522
chr03_02448239,chr03_002448239
chr03_03415470,chr03_003415470
chr03_03440421,chr03_003440421
chr03_03444121,chr03_003444121
chr03_03765841,chr03_003765841
chr03_03766732,chr03_003766732
chr03_03977446,chr03_003977446
chr03_04293528,chr03_004293528
chr03_04751471,chr03_004751471
chr03_04751524,chr03_004751524
chr03_04816697,chr03_004816697
chr03_04818036,chr03_004818036
chr03_04822657,chr03_004822657
chr03_05135213,chr03_005135213
chr03_05258295,chr03_005258295
chr03_05693184,chr03_005693184
chr03_05693367,chr03_005693367
chr03_06057159,chr03_006057159
chr03_06304857,chr03_006304857
chr03_06304906,chr03_006304906
chr03_06304931,chr03_006304931
chr03_06591500,chr03_006591500
chr03_06786456,chr03_006786456
chr03_06843937,chr03_006843937
chr03_07079961,chr03_007079961
chr03_07109519,chr03_007109519
chr03_07109600,chr03_007109600
chr03_07109647,chr03_007109647
chr03_07109681,chr03_007109681
chr03_07265091,chr03_007265091
chr03_07690352,chr03_007690352
chr03_08002369,chr03_008002369
chr03_08002420,chr03_008002420
chr03_08002459,chr03_008002459
chr03_08002478,chr03_008002478
chr03_08002516,chr03_008002516
chr03_08230786,chr03_008230786
chr03_08690157,chr03_008690157
chr03_08690174,chr03_008690174
chr03_08805496,chr03_008805496
chr03_09167023,chr03_009167023
chr03_09517631,chr03_009517631
chr03_10131436,chr03_010131436
chr03_10154368,chr03_010154368
chr03_10334277,chr03_010334277
chr03_10614989,chr03_010614989
chr03_11013029,chr03_011013029
chr03_11155236,chr03_011155236
chr03_11236871,chr03_011236871
chr03_11236889,chr03_011236889
chr03_11612060,chr03_011612060
chr03_11934996,chr03_011934996
chr03_12524539,chr03_012524539
chr03_13008327,chr03_013008327
chr03_13143638,chr03_013143638
chr03_13511587,chr03_013511587
chr03_13919007,chr03_013919007
chr03_14132286,chr03_014132286
chr03_14302649,chr03_014302649
chr03_14476621,chr03_014476621
chr03_14476759,chr03_014476759
chr03_14476787,chr03_014476787
chr03_15027014,chr03_015027014
chr03_15027053,chr03_015027053
chr03_15520108,chr03_015520108
chr03_15706835,chr03_015706835
chr03_16120497,chr03_016120497
chr03_16347115,chr03_016347115
chr03_16347226,chr03_016347226
chr03_16347251,chr03_016347251
chr03_16612426,chr03_016612426
chr03_17192073,chr03_017192073
chr03_17277730,chr03_017277730
chr03_17894631,chr03_017894631
chr03_18227227,chr03_018227227
chr03_18624912,chr03_018624912
chr03_18730739,chr03_018730739
chr03_18981987,chr03_018981987
chr03_19001366,chr03_019001366
chr03_19062058,chr03_019062058
chr03_19590642,chr03_019590642
chr03_20158089,chr03_020158089
chr03_20158230,chr03_020158230
chr03_20282880,chr03_020282880
chr03_20339031,chr03_020339031
chr03_20704405,chr03_020704405
chr03_20984675,chr03_020984675
chr03_21344748,chr03_021344748
chr03_21606826,chr03_021606826
chr03_22098058,chr03_022098058
chr03_22303164,chr03_022303164
chr03_22852144,chr03_022852144
chr03_22998646,chr03_022998646
chr03_23052626,chr03_023052626
chr03_23052670,chr03_023052670
chr03_23432708,chr03_023432708
chr03_23451579,chr03_023451579
chr03_23451655,chr03_023451655
chr03_23872840,chr03_023872840
chr03_24235625,chr03_024235625
chr03_24235654,chr03_024235654
chr03_24235760,chr03_024235760
chr03_24235832,chr03_024235832
chr03_24310225,chr03_024310225
chr03_24310313,chr03_024310313
chr03_24405170,chr03_024405170
chr03_24405222,chr03_024405222
chr03_24644041,chr03_024644041
chr03_25023783,chr03_025023783
chr03_25302434,chr03_025302434
chr03_25592266,chr03_025592266
chr03_25871375,chr03_025871375
chr03_26047967,chr03_026047967
chr03_26322717,chr03_026322717
chr03_26500531,chr03_026500531
chr03_26852215,chr03_026852215
chr03_26866013,chr03_026866013
chr03_27132796,chr03_027132796
chr03_27449581,chr03_027449581
chr03_27542326,chr03_027542326
chr03_28181180,chr03_028181180
chr03_28282723,chr03_028282723
chr03_28294150,chr03_028294150
chr03_28406897,chr03_028406897
chr03_28585873,chr03_028585873
chr03_29096387,chr03_029096387
chr03_29096424,chr03_029096424
chr03_29096518,chr03_029096518
chr03_29282349,chr03_029282349
chr03_29384806,chr03_029384806
chr03_29581024,chr03_029581024
chr03_29581066,chr03_029581066
chr03_29640731,chr03_029640731
chr03_30010506,chr03_030010506
chr03_30052012,chr03_030052012
chr03_30052054,chr03_030052054
chr03_30052087,chr03_030052087
chr03_30142101,chr03_030142101
chr03_30194409,chr03_030194409
chr03_30194445,chr03_030194445
chr03_30502290,chr03_030502290
chr03_30880775,chr03_030880775
chr03_31096283,chr03_031096283
chr03_31096300,chr03_031096300
chr03_31426486,chr03_031426486
chr03_31426633,chr03_031426633
chr03_31488599,chr03_031488599
chr03_31887928,chr03_031887928
chr03_31887982,chr03_031887982
chr03_31888055,chr03_031888055
chr03_32155334,chr03_032155334
chr03_32155380,chr03_032155380
chr03_32155434,chr03_032155434
chr03_32155467,chr03_032155467
chr03_32161138,chr03_032161138
chr03_32346429,chr03_032346429
chr03_32688865,chr03_032688865
chr03_32690067,chr03_032690067
chr03_32703445,chr03_032703445
chr03_32703508,chr03_032703508
chr03_32935526,chr03_032935526
chr03_33276230,chr03_033276230
chr03_33702179,chr03_033702179
chr03_33827450,chr03_033827450
chr03_33827495,chr03_033827495
chr03_33827649,chr03_033827649
chr03_34002981,chr03_034002981
chr03_34003093,chr03_034003093
chr03_34448287,chr03_034448287
chr03_34448315,chr03_034448315
chr03_34448344,chr03_034448344
chr03_34448393,chr03_034448393
chr03_34620174,chr03_034620174
chr03_35013866,chr03_035013866
chr03_35108771,chr03_035108771
chr03_35523338,chr03_035523338
chr03_35523453,chr03_035523453
chr03_35523478,chr03_035523478
chr03_35906951,chr03_035906951
chr03_35909856,chr03_035909856
chr03_36236252,chr03_036236252
chr03_36618909,chr03_036618909
chr04_00422237,chr04_000422237
chr04_00488486,chr04_000488486
chr04_00629600,chr04_000629600
chr04_00629659,chr04_000629659
chr04_00976297,chr04_000976297
chr04_01452200,chr04_001452200
chr04_01789934,chr04_001789934
chr04_01956986,chr04_001956986
chr04_01957006,chr04_001957006
chr04_02201495,chr04_002201495
chr04_02345551,chr04_002345551
chr04_02345618,chr04_002345618
chr04_02346498,chr04_002346498
chr04_02346571,chr04_002346571
chr04_02407024,chr04_002407024
chr04_02436363,chr04_002436363
chr04_02436506,chr04_002436506
chr04_02436549,chr04_002436549
chr04_02436571,chr04_002436571
chr04_02471441,chr04_002471441
chr04_02471511,chr04_002471511
chr04_02576971,chr04_002576971
chr04_02590750,chr04_002590750
chr04_02592756,chr04_002592756
chr04_02592859,chr04_002592859
chr04_02592919,chr04_002592919
chr04_02694804,chr04_002694804
chr04_03075775,chr04_003075775
chr04_03075916,chr04_003075916
chr04_03133030,chr04_003133030
chr04_03133075,chr04_003133075
chr04_03408393,chr04_003408393
chr04_03408577,chr04_003408577
chr04_03588119,chr04_003588119
chr04_03590487,chr04_003590487
chr04_03682800,chr04_003682800
chr04_03683243,chr04_003683243
chr04_03833820,chr04_003833820
chr04_03930171,chr04_003930171
chr04_03933996,chr04_003933996
chr04_03934053,chr04_003934053
chr04_04233955,chr04_004233955
chr04_04238292,chr04_004238292
chr04_04667613,chr04_004667613
chr04_05170255,chr04_005170255
chr04_05477225,chr04_005477225
chr04_05480937,chr04_005480937
chr04_05482022,chr04_005482022
chr04_05528839,chr04_005528839
chr04_05896622,chr04_005896622
chr04_05922133,chr04_005922133
chr04_05922155,chr04_005922155
chr04_06515091,chr04_006515091
chr04_06557529,chr04_006557529
chr04_06678351,chr04_006678351
chr04_06678409,chr04_006678409
chr04_06700385,chr04_006700385
chr04_06719136,chr04_006719136
chr04_06748165,chr04_006748165
chr04_06748357,chr04_006748357
chr04_06748382,chr04_006748382
chr04_06765223,chr04_006765223
chr04_06958475,chr04_006958475
chr04_07274404,chr04_007274404
chr04_07550755,chr04_007550755
chr04_07550836,chr04_007550836
chr04_08048981,chr04_008048981
chr04_08367746,chr04_008367746
chr04_08367846,chr04_008367846
chr04_08464853,chr04_008464853
chr04_08464995,chr04_008464995
chr04_08465013,chr04_008465013
chr04_08472478,chr04_008472478
chr04_08472669,chr04_008472669
chr04_08592045,chr04_008592045
chr04_08592094,chr04_008592094
chr04_08774461,chr04_008774461
chr04_08894914,chr04_008894914
chr04_08894970,chr04_008894970
chr04_08895070,chr04_008895070
chr04_08895117,chr04_008895117
chr04_09366192,chr04_009366192
chr04_09366306,chr04_009366306
chr04_09584740,chr04_009584740
chr04_09760802,chr04_009760802
chr04_10262869,chr04_010262869
chr04_10267155,chr04_010267155
chr04_11129236,chr04_011129236
chr04_11237347,chr04_011237347
chr04_11913319,chr04_011913319
chr04_12139484,chr04_012139484
chr04_12140979,chr04_012140979
chr04_12546630,chr04_012546630
chr04_12566505,chr04_012566505
chr04_12633210,chr04_012633210
chr04_13350018,chr04_013350018
chr04_13350194,chr04_013350194
chr04_13382966,chr04_013382966
chr04_13456446,chr04_013456446
chr04_14625652,chr04_014625652
chr04_15584655,chr04_015584655
chr04_15886598,chr04_015886598
chr04_15886649,chr04_015886649
chr04_16990270,chr04_016990270
chr04_17098678,chr04_017098678
chr04_18279693,chr04_018279693
chr04_18279851,chr04_018279851
chr04_18660390,chr04_018660390
chr04_18665615,chr04_018665615
chr04_18685139,chr04_018685139
chr04_19039872,chr04_019039872
chr04_19039902,chr04_019039902
chr04_19039984,chr04_019039984
chr04_19040070,chr04_019040070
chr04_19397441,chr04_019397441
chr04_19914195,chr04_019914195
chr04_20400572,chr04_020400572
chr04_20916095,chr04_020916095
chr04_21939272,chr04_021939272
chr04_22358197,chr04_022358197
chr04_22358222,chr04_022358222
chr04_22358269,chr04_022358269
chr04_22358348,chr04_022358348
chr04_22505399,chr04_022505399
chr04_22623167,chr04_022623167
chr04_23024557,chr04_023024557
chr04_24191050,chr04_024191050
chr04_24191075,chr04_024191075
chr04_24191133,chr04_024191133
chr04_24191151,chr04_024191151
chr04_24252554,chr04_024252554
chr04_24610965,chr04_024610965
chr04_24611083,chr04_024611083
chr04_24996093,chr04_024996093
chr04_25112157,chr04_025112157
chr04_25112181,chr04_025112181
chr04_25274056,chr04_025274056
chr04_25376659,chr04_025376659
chr04_25379138,chr04_025379138
chr04_25821586,chr04_025821586
chr04_25821709,chr04_025821709
chr04_25862464,chr04_025862464
chr04_26375013,chr04_026375013
chr04_26748307,chr04_026748307
chr04_26748328,chr04_026748328
chr04_26748347,chr04_026748347
chr04_26848687,chr04_026848687
chr04_26848734,chr04_026848734
chr04_26901109,chr04_026901109
chr04_26902977,chr04_026902977
chr04_27470101,chr04_027470101
chr04_27534397,chr04_027534397
chr04_27534483,chr04_027534483
chr04_27755679,chr04_027755679
chr04_27755699,chr04_027755699
chr04_28334542,chr04_028334542
chr04_28381405,chr04_028381405
chr04_28381436,chr04_028381436
chr04_28547626,chr04_028547626
chr04_28547652,chr04_028547652
chr04_28779073,chr04_028779073
chr04_29424843,chr04_029424843
chr04_29424994,chr04_029424994
chr04_29611178,chr04_029611178
chr04_29943956,chr04_029943956
chr04_29943983,chr04_029943983
chr04_30073526,chr04_030073526
chr04_30495237,chr04_030495237
chr04_30541160,chr04_030541160
chr04_30822144,chr04_030822144
chr04_30822181,chr04_030822181
chr04_30843505,chr04_030843505
chr04_30843560,chr04_030843560
chr04_30843676,chr04_030843676
chr04_31240655,chr04_031240655
chr04_31346865,chr04_031346865
chr04_31346928,chr04_031346928
chr04_31346966,chr04_031346966
chr04_31347014,chr04_031347014
chr04_31521590,chr04_031521590
chr04_31546210,chr04_031546210
chr04_31546254,chr04_031546254
chr04_31943082,chr04_031943082
chr04_32236327,chr04_032236327
chr04_32250699,chr04_032250699
chr04_32250770,chr04_032250770
chr04_32465807,chr04_032465807
chr04_32466998,chr04_032466998
chr04_33004241,chr04_033004241
chr04_33320705,chr04_033320705
chr04_33354334,chr04_033354334
chr04_33543459,chr04_033543459
chr04_33854913,chr04_033854913
chr04_33854938,chr04_033854938
chr04_34392819,chr04_034392819
chr04_35499346,chr04_035499346
chr04_35944546,chr04_035944546
chr04_36321735,chr04_036321735
chr04_36734071,chr04_036734071
chr05_00142049,chr05_000142049
chr05_00142187,chr05_000142187
chr05_00375385,chr05_000375385
chr05_00932858,chr05_000932858
chr05_00932945,chr05_000932945
chr05_01057379,chr05_001057379
chr05_01057395,chr05_001057395
chr05_01291662,chr05_001291662
chr05_01422004,chr05_001422004
chr05_01422111,chr05_001422111
chr05_01424374,chr05_001424374
chr05_01625255,chr05_001625255
chr05_01786537,chr05_001786537
chr05_02076245,chr05_002076245
chr05_02084719,chr05_002084719
chr05_02161121,chr05_002161121
chr05_02161168,chr05_002161168
chr05_02164301,chr05_002164301
chr05_02164321,chr05_002164321
chr05_02442039,chr05_002442039
chr05_02534966,chr05_002534966
chr05_02535012,chr05_002535012
chr05_02535079,chr05_002535079
chr05_02535139,chr05_002535139
chr05_02544960,chr05_002544960
chr05_02567882,chr05_002567882
chr05_02694477,chr05_002694477
chr05_02694535,chr05_002694535
chr05_02694553,chr05_002694553
chr05_02699189,chr05_002699189
chr05_02860392,chr05_002860392
chr05_02860471,chr05_002860471
chr05_02860494,chr05_002860494
chr05_02860515,chr05_002860515
chr05_02937714,chr05_002937714
chr05_03200172,chr05_003200172
chr05_03311254,chr05_003311254
chr05_03334150,chr05_003334150
chr05_03620367,chr05_003620367
chr05_03704038,chr05_003704038
chr05_04429761,chr05_004429761
chr05_04586294,chr05_004586294
chr05_04586327,chr05_004586327
chr05_05362905,chr05_005362905
chr05_05362947,chr05_005362947
chr05_05404797,chr05_005404797
chr05_05404827,chr05_005404827
chr05_05429642,chr05_005429642
chr05_05483090,chr05_005483090
chr05_05483318,chr05_005483318
chr05_05620832,chr05_005620832
chr05_06598078,chr05_006598078
chr05_06598158,chr05_006598158
chr05_06612936,chr05_006612936
chr05_06613086,chr05_006613086
chr05_06840110,chr05_006840110
chr05_07148030,chr05_007148030
chr05_07192119,chr05_007192119
chr05_07195805,chr05_007195805
chr05_07195848,chr05_007195848
chr05_07195929,chr05_007195929
chr05_07198316,chr05_007198316
chr05_07198402,chr05_007198402
chr05_07564099,chr05_007564099
chr05_07564251,chr05_007564251
chr05_07612787,chr05_007612787
chr05_07612893,chr05_007612893
chr05_07612910,chr05_007612910
chr05_07957700,chr05_007957700
chr05_08723187,chr05_008723187
chr05_08723212,chr05_008723212
chr05_08723242,chr05_008723242
chr05_08723320,chr05_008723320
chr05_08723360,chr05_008723360
chr05_08723385,chr05_008723385
chr05_08882053,chr05_008882053
chr05_08882098,chr05_008882098
chr05_09179853,chr05_009179853
chr05_09403316,chr05_009403316
chr05_09794297,chr05_009794297
chr05_09794327,chr05_009794327
chr05_09794400,chr05_009794400
chr05_09794428,chr05_009794428
chr05_09816026,chr05_009816026
chr05_10024484,chr05_010024484
chr05_10024641,chr05_010024641
chr05_10024682,chr05_010024682
chr05_10024702,chr05_010024702
chr05_10616179,chr05_010616179
chr05_10631569,chr05_010631569
chr05_10631623,chr05_010631623
chr05_10631772,chr05_010631772
chr05_10947758,chr05_010947758
chr05_10950993,chr05_010950993
chr05_10951091,chr05_010951091
chr05_11027285,chr05_011027285
chr05_11027457,chr05_011027457
chr05_11035453,chr05_011035453
chr05_11342128,chr05_011342128
chr05_11759994,chr05_011759994
chr05_11876981,chr05_011876981
chr05_12182477,chr05_012182477
chr05_12200221,chr05_012200221
chr05_12706893,chr05_012706893
chr05_12706921,chr05_012706921
chr05_12706974,chr05_012706974
chr05_12707007,chr05_012707007
chr05_13322599,chr05_013322599
chr05_13955040,chr05_013955040
chr05_14456106,chr05_014456106
chr05_15381202,chr05_015381202
chr05_16062426,chr05_016062426
chr05_17066492,chr05_017066492
chr05_17092581,chr05_017092581
chr05_17693069,chr05_017693069
chr05_18395452,chr05_018395452
chr05_18740621,chr05_018740621
chr05_19320437,chr05_019320437
chr05_20012129,chr05_020012129
chr05_20500788,chr05_020500788
chr05_20500929,chr05_020500929
chr05_21466997,chr05_021466997
chr05_21649494,chr05_021649494
chr05_21649641,chr05_021649641
chr05_22614172,chr05_022614172
chr05_22990985,chr05_022990985
chr05_23753596,chr05_023753596
chr05_23774043,chr05_023774043
chr05_23833024,chr05_023833024
chr05_24093647,chr05_024093647
chr05_24093668,chr05_024093668
chr05_24093706,chr05_024093706
chr05_24093743,chr05_024093743
chr05_24093794,chr05_024093794
chr05_24095355,chr05_024095355
chr05_24152160,chr05_024152160
chr05_24152211,chr05_024152211
chr05_24152240,chr05_024152240
chr05_24154343,chr05_024154343
chr05_24746401,chr05_024746401
chr05_24776288,chr05_024776288
chr05_24776317,chr05_024776317
chr05_24790533,chr05_024790533
chr05_25502129,chr05_025502129
chr05_25644178,chr05_025644178
chr05_25685218,chr05_025685218
chr05_25685290,chr05_025685290
chr05_25685367,chr05_025685367
chr05_26015593,chr05_026015593
chr05_26015623,chr05_026015623
chr05_26015688,chr05_026015688
chr05_26052101,chr05_026052101
chr05_26052220,chr05_026052220
chr05_26052303,chr05_026052303
chr05_26126432,chr05_026126432
chr05_26571850,chr05_026571850
chr05_26586947,chr05_026586947
chr05_26926140,chr05_026926140
chr05_27466108,chr05_027466108
chr05_27466209,chr05_027466209
chr05_27473386,chr05_027473386
chr05_27473429,chr05_027473429
chr05_27473504,chr05_027473504
chr05_27473584,chr05_027473584
chr05_27746062,chr05_027746062
chr05_27746078,chr05_027746078
chr05_27746163,chr05_027746163
chr05_27860363,chr05_027860363
chr05_27894180,chr05_027894180
chr05_27894216,chr05_027894216
chr05_27894236,chr05_027894236
chr05_28399352,chr05_028399352
chr05_28399461,chr05_028399461
chr05_28807067,chr05_028807067
chr05_29327001,chr05_029327001
chr05_29758914,chr05_029758914
chr05_29759004,chr05_029759004
chr05_29951087,chr05_029951087
chr05_30200929,chr05_030200929
chr05_30201038,chr05_030201038
chr05_30201104,chr05_030201104
chr05_30205493,chr05_030205493
chr05_30205620,chr05_030205620
chr05_30351362,chr05_030351362
chr05_30351513,chr05_030351513
chr05_30410220,chr05_030410220
chr05_30496551,chr05_030496551
chr05_30496574,chr05_030496574
chr05_30496615,chr05_030496615
chr05_30496641,chr05_030496641
chr05_30496749,chr05_030496749
chr05_30560427,chr05_030560427
chr05_30879566,chr05_030879566
chr05_30905635,chr05_030905635
chr05_30920699,chr05_030920699
chr05_30983784,chr05_030983784
chr05_30985074,chr05_030985074
chr05_30985124,chr05_030985124
chr05_32125011,chr05_032125011
chr05_32131430,chr05_032131430
chr05_32131563,chr05_032131563
chr05_33003747,chr05_033003747
chr06_00197825,chr06_000197825
chr06_00197937,chr06_000197937
chr06_00245224,chr06_000245224
chr06_00261901,chr06_000261901
chr06_00261923,chr06_000261923
chr06_00487462,chr06_000487462
chr06_00487549,chr06_000487549
chr06_00770717,chr06_000770717
chr06_00796191,chr06_000796191
chr06_00926253,chr06_000926253
chr06_01251920,chr06_001251920
chr06_01448143,chr06_001448143
chr06_01448212,chr06_001448212
chr06_01594538,chr06_001594538
chr06_01594728,chr06_001594728
chr06_01598047,chr06_001598047
chr06_02058272,chr06_002058272
chr06_02123611,chr06_002123611
chr06_02304250,chr06_002304250
chr06_02482038,chr06_002482038
chr06_02886330,chr06_002886330
chr06_03325915,chr06_003325915
chr06_03473667,chr06_003473667
chr06_03473732,chr06_003473732
chr06_03585798,chr06_003585798
chr06_03603571,chr06_003603571
chr06_03603603,chr06_003603603
chr06_03614925,chr06_003614925
chr06_03615066,chr06_003615066
chr06_03676060,chr06_003676060
chr06_04094679,chr06_004094679
chr06_04222640,chr06_004222640
chr06_04226496,chr06_004226496
chr06_04257555,chr06_004257555
chr06_04356702,chr06_004356702
chr06_04364028,chr06_004364028
chr06_04364177,chr06_004364177
chr06_04609418,chr06_004609418
chr06_04720381,chr06_004720381
chr06_04965663,chr06_004965663
chr06_05064218,chr06_005064218
chr06_05092307,chr06_005092307
chr06_05772416,chr06_005772416
chr06_05772449,chr06_005772449
chr06_05897749,chr06_005897749
chr06_05935935,chr06_005935935
chr06_06037095,chr06_006037095
chr06_06037182,chr06_006037182
chr06_06181707,chr06_006181707
chr06_06255097,chr06_006255097
chr06_06255130,chr06_006255130
chr06_06390580,chr06_006390580
chr06_06390622,chr06_006390622
chr06_06390719,chr06_006390719
chr06_06625071,chr06_006625071
chr06_06750670,chr06_006750670
chr06_07430546,chr06_007430546
chr06_07931867,chr06_007931867
chr06_08128049,chr06_008128049
chr06_08128232,chr06_008128232
chr06_08580059,chr06_008580059
chr06_08800070,chr06_008800070
chr06_08800103,chr06_008800103
chr06_09059061,chr06_009059061
chr06_09375615,chr06_009375615
chr06_09402314,chr06_009402314
chr06_09780406,chr06_009780406
chr06_09906520,chr06_009906520
chr06_10144506,chr06_010144506
chr06_10632680,chr06_010632680
chr06_11048637,chr06_011048637
chr06_11305979,chr06_011305979
chr06_11306037,chr06_011306037
chr06_11306120,chr06_011306120
chr06_11582568,chr06_011582568
chr06_11938347,chr06_011938347
chr06_12377501,chr06_012377501
chr06_12377521,chr06_012377521
chr06_12452171,chr06_012452171
chr06_12452356,chr06_012452356
chr06_12510129,chr06_012510129
chr06_12628617,chr06_012628617
chr06_12837292,chr06_012837292
chr06_13205959,chr06_013205959
chr06_13609992,chr06_013609992
chr06_13934005,chr06_013934005
chr06_14435074,chr06_014435074
chr06_14999303,chr06_014999303
chr06_15367890,chr06_015367890
chr06_15367929,chr06_015367929
chr06_15368966,chr06_015368966
chr06_15584382,chr06_015584382
chr06_15976994,chr06_015976994
chr06_16124158,chr06_016124158
chr06_16124201,chr06_016124201
chr06_16487405,chr06_016487405
chr06_16952367,chr06_016952367
chr06_17295083,chr06_017295083
chr06_17612111,chr06_017612111
chr06_18068021,chr06_018068021
chr06_18694604,chr06_018694604
chr06_19152772,chr06_019152772
chr06_19412045,chr06_019412045
chr06_19677446,chr06_019677446
chr06_19684920,chr06_019684920
chr06_20686382,chr06_020686382
chr06_20864310,chr06_020864310
chr06_21634007,chr06_021634007
chr06_21634060,chr06_021634060
chr06_21634119,chr06_021634119
chr06_21634141,chr06_021634141
chr06_21634203,chr06_021634203
chr06_21865699,chr06_021865699
chr06_22324217,chr06_022324217
chr06_22712475,chr06_022712475
chr06_23154622,chr06_023154622
chr06_23537562,chr06_023537562
chr06_23794270,chr06_023794270
chr06_24490439,chr06_024490439
chr06_24490501,chr06_024490501
chr06_24699373,chr06_024699373
chr06_25184617,chr06_025184617
chr06_25571656,chr06_025571656
chr06_26213492,chr06_026213492
chr06_26439248,chr06_026439248
chr06_26641048,chr06_026641048
chr06_26641090,chr06_026641090
chr06_26641127,chr06_026641127
chr06_26641161,chr06_026641161
chr06_26746365,chr06_026746365
chr06_26746431,chr06_026746431
chr06_26996665,chr06_026996665
chr06_26996737,chr06_026996737
chr06_27084660,chr06_027084660
chr06_27166748,chr06_027166748
chr06_27605647,chr06_027605647
chr06_27605768,chr06_027605768
chr06_27848344,chr06_027848344
chr06_28048998,chr06_028048998
chr06_28340948,chr06_028340948
chr06_28744192,chr06_028744192
chr06_29229489,chr06_029229489
chr06_29229509,chr06_029229509
chr06_29229544,chr06_029229544
chr06_29229602,chr06_029229602
chr06_29229632,chr06_029229632
chr06_29229696,chr06_029229696
chr06_29310123,chr06_029310123
chr06_29469594,chr06_029469594
chr06_29856646,chr06_029856646
chr06_30365112,chr06_030365112
chr06_30365142,chr06_030365142
chr06_30365248,chr06_030365248
chr06_30420462,chr06_030420462
chr06_30592347,chr06_030592347
chr06_31044135,chr06_031044135
chr06_31386380,chr06_031386380
chr06_31704367,chr06_031704367
chr06_31704400,chr06_031704400
chr06_32013974,chr06_032013974
chr06_32422241,chr06_032422241
chr06_32430270,chr06_032430270
chr06_32430383,chr06_032430383
chr06_32544161,chr06_032544161
chr06_32976417,chr06_032976417
chr06_32976472,chr06_032976472
chr06_32976504,chr06_032976504
chr06_33423108,chr06_033423108
chr06_33423181,chr06_033423181
chr06_33423235,chr06_033423235
chr06_33423268,chr06_033423268
chr06_33423295,chr06_033423295
chr06_33839632,chr06_033839632
chr06_33839673,chr06_033839673
chr06_33839713,chr06_033839713
chr06_33839745,chr06_033839745
chr06_33984618,chr06_033984618
chr06_33984771,chr06_033984771
chr06_34304922,chr06_034304922
chr06_34413312,chr06_034413312
chr06_34503772,chr06_034503772
chr06_34606099,chr06_034606099
chr06_34643731,chr06_034643731
chr06_34763165,chr06_034763165
chr06_34763290,chr06_034763290
chr06_34766145,chr06_034766145
chr06_35021533,chr06_035021533
chr06_35060429,chr06_035060429
chr06_35200046,chr06_035200046
chr06_35498829,chr06_035498829
chr06_35518356,chr06_035518356
chr06_35528045,chr06_035528045
chr06_35713371,chr06_035713371
chr06_35714276,chr06_035714276
chr06_35982771,chr06_035982771
chr06_36138567,chr06_036138567
chr06_36508915,chr06_036508915
chr06_36724266,chr06_036724266
chr06_36727409,chr06_036727409
chr06_36727437,chr06_036727437
chr06_36779657,chr06_036779657
chr06_36779706,chr06_036779706
chr06_36952085,chr06_036952085
chr06_37116119,chr06_037116119
chr06_37346972,chr06_037346972
chr06_37347029,chr06_037347029
chr06_37610244,chr06_037610244
chr06_37720941,chr06_037720941
chr06_37720981,chr06_037720981
chr06_37726272,chr06_037726272
chr06_37726381,chr06_037726381
chr06_37870062,chr06_037870062
chr06_37870083,chr06_037870083
chr06_37870200,chr06_037870200
chr06_38027474,chr06_038027474
chr06_38338641,chr06_038338641
chr06_38714178,chr06_038714178
chr06_39380698,chr06_039380698
chr06_39633259,chr06_039633259
chr06_40284475,chr06_040284475
chr07_00387248,chr07_000387248
chr07_00387303,chr07_000387303
chr07_00730009,chr07_000730009
chr07_00730085,chr07_000730085
chr07_00800735,chr07_000800735
chr07_00800794,chr07_000800794
chr07_00982994,chr07_000982994
chr07_01270599,chr07_001270599
chr07_01272200,chr07_001272200
chr07_01366516,chr07_001366516
chr07_01366597,chr07_001366597
chr07_01413687,chr07_001413687
chr07_01466226,chr07_001466226
chr07_01504514,chr07_001504514
chr07_01562431,chr07_001562431
chr07_01733994,chr07_001733994
chr07_02306855,chr07_002306855
chr07_02436899,chr07_002436899
chr07_02440250,chr07_002440250
chr07_02467080,chr07_002467080
chr07_02476957,chr07_002476957
chr07_02480346,chr07_002480346
chr07_02803021,chr07_002803021
chr07_02897486,chr07_002897486
chr07_02897512,chr07_002897512
chr07_02897585,chr07_002897585
chr07_02897639,chr07_002897639
chr07_02958193,chr07_002958193
chr07_03169496,chr07_003169496
chr07_03169613,chr07_003169613
chr07_03200721,chr07_003200721
chr07_03200747,chr07_003200747
chr07_03200778,chr07_003200778
chr07_03241655,chr07_003241655
chr07_03241755,chr07_003241755
chr07_03862670,chr07_003862670
chr07_04249442,chr07_004249442
chr07_04249521,chr07_004249521
chr07_04279350,chr07_004279350
chr07_04291644,chr07_004291644
chr07_04374004,chr07_004374004
chr07_04374035,chr07_004374035
chr07_04374065,chr07_004374065
chr07_04573773,chr07_004573773
chr07_04597753,chr07_004597753
chr07_04607244,chr07_004607244
chr07_04686735,chr07_004686735
chr07_04960589,chr07_004960589
chr07_05094154,chr07_005094154
chr07_05218969,chr07_005218969
chr07_05445330,chr07_005445330
chr07_05460491,chr07_005460491
chr07_06087629,chr07_006087629
chr07_06240282,chr07_006240282
chr07_06404170,chr07_006404170
chr07_06526479,chr07_006526479
chr07_06565088,chr07_006565088
chr07_06694012,chr07_006694012
chr07_06867386,chr07_006867386
chr07_07183441,chr07_007183441
chr07_07183640,chr07_007183640
chr07_07356859,chr07_007356859
chr07_07356881,chr07_007356881
chr07_07384635,chr07_007384635
chr07_07384695,chr07_007384695
chr07_07384761,chr07_007384761
chr07_07486500,chr07_007486500
chr07_07486544,chr07_007486544
chr07_07623282,chr07_007623282
chr07_07639373,chr07_007639373
chr07_07640327,chr07_007640327
chr07_08046004,chr07_008046004
chr07_08046113,chr07_008046113
chr07_08102516,chr07_008102516
chr07_08453725,chr07_008453725
chr07_08510890,chr07_008510890
chr07_08578559,chr07_008578559
chr07_08857674,chr07_008857674
chr07_09028740,chr07_009028740
chr07_09028823,chr07_009028823
chr07_09803175,chr07_009803175
chr07_09901825,chr07_009901825
chr07_10000593,chr07_010000593
chr07_10243734,chr07_010243734
chr07_10243856,chr07_010243856
chr07_10251972,chr07_010251972
chr07_10550854,chr07_010550854
chr07_10745049,chr07_010745049
chr07_10866178,chr07_010866178
chr07_10866214,chr07_010866214
chr07_11344881,chr07_011344881
chr07_11395951,chr07_011395951
chr07_11395990,chr07_011395990
chr07_11854960,chr07_011854960
chr07_11854994,chr07_011854994
chr07_11855045,chr07_011855045
chr07_11855110,chr07_011855110
chr07_11855183,chr07_011855183
chr07_12059444,chr07_012059444
chr07_13031813,chr07_013031813
chr07_13222833,chr07_013222833
chr07_13444037,chr07_013444037
chr07_13655249,chr07_013655249
chr07_14519453,chr07_014519453
chr07_14519474,chr07_014519474
chr07_14519538,chr07_014519538
chr07_14519563,chr07_014519563
chr07_14926338,chr07_014926338
chr07_15408409,chr07_015408409
chr07_15748250,chr07_015748250
chr07_16646836,chr07_016646836
chr07_16646920,chr07_016646920
chr07_16916807,chr07_016916807
chr07_17620862,chr07_017620862
chr07_17777083,chr07_017777083
chr07_17980443,chr07_017980443
chr07_17980539,chr07_017980539
chr07_17980556,chr07_017980556
chr07_17982053,chr07_017982053
chr07_18303305,chr07_018303305
chr07_19187237,chr07_019187237
chr07_19920238,chr07_019920238
chr07_20548862,chr07_020548862
chr07_21311883,chr07_021311883
chr07_21484053,chr07_021484053
chr07_22281032,chr07_022281032
chr07_23352019,chr07_023352019
chr07_23692323,chr07_023692323
chr07_24404078,chr07_024404078
chr07_25125670,chr07_025125670
chr07_25125700,chr07_025125700
chr07_25394553,chr07_025394553
chr07_25472208,chr07_025472208
chr07_25472248,chr07_025472248
chr07_25472310,chr07_025472310
chr07_25472340,chr07_025472340
chr07_25818288,chr07_025818288
chr07_25818354,chr07_025818354
chr07_26060119,chr07_026060119
chr07_26060140,chr07_026060140
chr07_26520094,chr07_026520094
chr07_27322139,chr07_027322139
chr07_27336769,chr07_027336769
chr07_27497141,chr07_027497141
chr07_27497184,chr07_027497184
chr07_28146418,chr07_028146418
chr07_28579494,chr07_028579494
chr07_28579536,chr07_028579536
chr07_28837466,chr07_028837466
chr07_29732534,chr07_029732534
chr07_29815404,chr07_029815404
chr07_30208428,chr07_030208428
chr07_30208499,chr07_030208499
chr07_30208567,chr07_030208567
chr07_30358760,chr07_030358760
chr07_30708996,chr07_030708996
chr07_30709057,chr07_030709057
chr07_30908006,chr07_030908006
chr07_30910541,chr07_030910541
chr07_30940119,chr07_030940119
chr07_30986470,chr07_030986470
chr07_30998092,chr07_030998092
chr07_30998112,chr07_030998112
chr07_31000688,chr07_031000688
chr07_31023232,chr07_031023232
chr07_31125836,chr07_031125836
chr07_31125893,chr07_031125893
chr07_31210853,chr07_031210853
chr07_31210918,chr07_031210918
chr07_31210963,chr07_031210963
chr07_31872131,chr07_031872131
chr07_32412596,chr07_032412596
chr07_32412780,chr07_032412780
chr07_32504539,chr07_032504539
chr07_32770306,chr07_032770306
chr07_32818536,chr07_032818536
chr07_32818622,chr07_032818622
chr07_33021956,chr07_033021956
chr07_33089625,chr07_033089625
chr07_33262163,chr07_033262163
chr07_33386043,chr07_033386043
chr07_33386085,chr07_033386085
chr07_33615582,chr07_033615582
chr07_33615599,chr07_033615599
chr07_33891275,chr07_033891275
chr07_34118789,chr07_034118789
chr07_34372246,chr07_034372246
chr07_34428935,chr07_034428935
chr07_34428980,chr07_034428980
chr07_34699659,chr07_034699659
chr07_34699752,chr07_034699752
chr07_35291763,chr07_035291763
chr07_35510240,chr07_035510240
chr07_35558010,chr07_035558010
chr07_35558168,chr07_035558168
chr07_35574432,chr07_035574432
chr07_35574495,chr07_035574495
chr07_36005478,chr07_036005478
chr07_36005588,chr07_036005588
chr07_36005604,chr07_036005604
chr07_36757574,chr07_036757574
chr07_36802989,chr07_036802989
chr07_36803076,chr07_036803076
chr07_36803147,chr07_036803147
chr08_00056185,chr08_000056185
chr08_00516011,chr08_000516011
chr08_00558012,chr08_000558012
chr08_00576870,chr08_000576870
chr08_00578125,chr08_000578125
chr08_00599165,chr08_000599165
chr08_00943385,chr08_000943385
chr08_00988766,chr08_000988766
chr08_01021444,chr08_001021444
chr08_01021542,chr08_001021542
chr08_01021571,chr08_001021571
chr08_01052805,chr08_001052805
chr08_01200130,chr08_001200130
chr08_01200286,chr08_001200286
chr08_01393435,chr08_001393435
chr08_01398400,chr08_001398400
chr08_01398480,chr08_001398480
chr08_01398536,chr08_001398536
chr08_01666779,chr08_001666779
chr08_01666831,chr08_001666831
chr08_01691699,chr08_001691699
chr08_01691795,chr08_001691795
chr08_01740087,chr08_001740087
chr08_01949134,chr08_001949134
chr08_02634187,chr08_002634187
chr08_03123919,chr08_003123919
chr08_03129664,chr08_003129664
chr08_03277386,chr08_003277386
chr08_03357477,chr08_003357477
chr08_03447755,chr08_003447755
chr08_03447773,chr08_003447773
chr08_03447807,chr08_003447807
chr08_03447833,chr08_003447833
chr08_03447920,chr08_003447920
chr08_03623144,chr08_003623144
chr08_03925384,chr08_003925384
chr08_04011195,chr08_004011195
chr08_04013007,chr08_004013007
chr08_04252668,chr08_004252668
chr08_04340641,chr08_004340641
chr08_04592522,chr08_004592522
chr08_04592566,chr08_004592566
chr08_04592612,chr08_004592612
chr08_04592696,chr08_004592696
chr08_04645864,chr08_004645864
chr08_04645906,chr08_004645906
chr08_04940484,chr08_004940484
chr08_04940577,chr08_004940577
chr08_05076307,chr08_005076307
chr08_05076386,chr08_005076386
chr08_05076429,chr08_005076429
chr08_05737714,chr08_005737714
chr08_05740029,chr08_005740029
chr08_05814532,chr08_005814532
chr08_05994894,chr08_005994894
chr08_05994942,chr08_005994942
chr08_05995066,chr08_005995066
chr08_06262238,chr08_006262238
chr08_06800397,chr08_006800397
chr08_06800454,chr08_006800454
chr08_06898302,chr08_006898302
chr08_07135186,chr08_007135186
chr08_07528802,chr08_007528802
chr08_07528936,chr08_007528936
chr08_07537534,chr08_007537534
chr08_07537634,chr08_007537634
chr08_07582092,chr08_007582092
chr08_07590062,chr08_007590062
chr08_07590132,chr08_007590132
chr08_07611166,chr08_007611166
chr08_08139103,chr08_008139103
chr08_08398870,chr08_008398870
chr08_08448017,chr08_008448017
chr08_08932331,chr08_008932331
chr08_08932393,chr08_008932393
chr08_08958253,chr08_008958253
chr08_09509177,chr08_009509177
chr08_09867283,chr08_009867283
chr08_10323678,chr08_010323678
chr08_10683620,chr08_010683620
chr08_10683670,chr08_010683670
chr08_10893081,chr08_010893081
chr08_11020494,chr08_011020494
chr08_11020526,chr08_011020526
chr08_11249543,chr08_011249543
chr08_11251783,chr08_011251783
chr08_11251821,chr08_011251821
chr08_11307408,chr08_011307408
chr08_11595403,chr08_011595403
chr08_12081200,chr08_012081200
chr08_12186630,chr08_012186630
chr08_12209583,chr08_012209583
chr08_12316323,chr08_012316323
chr08_12936708,chr08_012936708
chr08_12938246,chr08_012938246
chr08_13582759,chr08_013582759
chr08_13745032,chr08_013745032
chr08_14534144,chr08_014534144
chr08_14844239,chr08_014844239
chr08_15356623,chr08_015356623
chr08_15356646,chr08_015356646
chr08_15368201,chr08_015368201
chr08_15368248,chr08_015368248
chr08_15368308,chr08_015368308
chr08_15679890,chr08_015679890
chr08_15984026,chr08_015984026
chr08_16052258,chr08_016052258
chr08_16725909,chr08_016725909
chr08_16726046,chr08_016726046
chr08_16808964,chr08_016808964
chr08_16809028,chr08_016809028
chr08_16898445,chr08_016898445
chr08_17564293,chr08_017564293
chr08_18092099,chr08_018092099
chr08_18567482,chr08_018567482
chr08_18698221,chr08_018698221
chr08_19505311,chr08_019505311
chr08_19878397,chr08_019878397
chr08_20044888,chr08_020044888
chr08_20121409,chr08_020121409
chr08_20121482,chr08_020121482
chr08_21034550,chr08_021034550
chr08_21034602,chr08_021034602
chr08_21394203,chr08_021394203
chr08_21529428,chr08_021529428
chr08_22457019,chr08_022457019
chr08_22822596,chr08_022822596
chr08_23888013,chr08_023888013
chr08_24254060,chr08_024254060
chr08_24358076,chr08_024358076
chr08_24630092,chr08_024630092
chr08_25318618,chr08_025318618
chr08_25551412,chr08_025551412
chr08_25805882,chr08_025805882
chr08_25806044,chr08_025806044
chr08_25952205,chr08_025952205
chr08_25968774,chr08_025968774
chr08_26650098,chr08_026650098
chr08_26654202,chr08_026654202
chr08_27288352,chr08_027288352
chr08_27762839,chr08_027762839
chr08_28080069,chr08_028080069
chr08_28449938,chr08_028449938
chr08_28630222,chr08_028630222
chr08_28844954,chr08_028844954
chr08_28879015,chr08_028879015
chr08_28879044,chr08_028879044
chr08_28879152,chr08_028879152
chr08_28879187,chr08_028879187
chr08_28883531,chr08_028883531
chr08_28934686,chr08_028934686
chr08_29100257,chr08_029100257
chr08_29216372,chr08_029216372
chr08_29651045,chr08_029651045
chr08_29682799,chr08_029682799
chr08_29682945,chr08_029682945
chr08_29907732,chr08_029907732
chr08_29907825,chr08_029907825
chr08_30147442,chr08_030147442
chr08_30147563,chr08_030147563
chr08_30147608,chr08_030147608
chr08_30727562,chr08_030727562
chr08_30727592,chr08_030727592
chr08_31195104,chr08_031195104
chr08_31195172,chr08_031195172
chr08_31216594,chr08_031216594
chr08_31693731,chr08_031693731
chr08_31848273,chr08_031848273
chr08_32276132,chr08_032276132
chr08_32276208,chr08_032276208
chr08_32412254,chr08_032412254
chr08_32594481,chr08_032594481
chr08_32594512,chr08_032594512
chr08_32594549,chr08_032594549
chr08_32954217,chr08_032954217
chr08_32954262,chr08_032954262
chr08_32954357,chr08_032954357
chr08_33186931,chr08_033186931
chr08_33198166,chr08_033198166
chr08_33897032,chr08_033897032
chr08_34182837,chr08_034182837
chr08_34182967,chr08_034182967
chr08_34183002,chr08_034183002
chr08_34459921,chr08_034459921
chr08_34523456,chr08_034523456
chr08_34708076,chr08_034708076
chr08_34708178,chr08_034708178
chr08_34814560,chr08_034814560
chr08_34814590,chr08_034814590
chr08_34814641,chr08_034814641
chr08_35100292,chr08_035100292
chr08_35524254,chr08_035524254
chr08_36058149,chr08_036058149
chr08_36538924,chr08_036538924
chr08_36988583,chr08_036988583
chr08_37587232,chr08_037587232
chr08_37683000,chr08_037683000
chr08_38253128,chr08_038253128
chr09_00048678,chr09_000048678
chr09_00183150,chr09_000183150
chr09_00634275,chr09_000634275
chr09_00634304,chr09_000634304
chr09_00842502,chr09_000842502
chr09_00847000,chr09_000847000
chr09_01154255,chr09_001154255
chr09_01255542,chr09_001255542
chr09_01255701,chr09_001255701
chr09_01256093,chr09_001256093
chr09_01314186,chr09_001314186
chr09_01362257,chr09_001362257
chr09_01362314,chr09_001362314
chr09_01387925,chr09_001387925
chr09_01429712,chr09_001429712
chr09_01429867,chr09_001429867
chr09_01614530,chr09_001614530
chr09_01614578,chr09_001614578
chr09_01614631,chr09_001614631
chr09_01656724,chr09_001656724
chr09_01914611,chr09_001914611
chr09_01914672,chr09_001914672
chr09_01923316,chr09_001923316
chr09_01959697,chr09_001959697
chr09_02086981,chr09_002086981
chr09_02466159,chr09_002466159
chr09_02846284,chr09_002846284
chr09_03105313,chr09_003105313
chr09_03166945,chr09_003166945
chr09_03166968,chr09_003166968
chr09_03166991,chr09_003166991
chr09_03167092,chr09_003167092
chr09_03568833,chr09_003568833
chr09_03753059,chr09_003753059
chr09_04226528,chr09_004226528
chr09_04377032,chr09_004377032
chr09_04383774,chr09_004383774
chr09_04538831,chr09_004538831
chr09_04538943,chr09_004538943
chr09_04543045,chr09_004543045
chr09_04559741,chr09_004559741
chr09_04567530,chr09_004567530
chr09_04708670,chr09_004708670
chr09_04764326,chr09_004764326
chr09_04796578,chr09_004796578
chr09_04839568,chr09_004839568
chr09_05052200,chr09_005052200
chr09_05255972,chr09_005255972
chr09_05256021,chr09_005256021
chr09_05386027,chr09_005386027
chr09_05699438,chr09_005699438
chr09_05725932,chr09_005725932
chr09_05837549,chr09_005837549
chr09_05837628,chr09_005837628
chr09_05870828,chr09_005870828
chr09_05922163,chr09_005922163
chr09_05922345,chr09_005922345
chr09_06186296,chr09_006186296
chr09_06223294,chr09_006223294
chr09_06758817,chr09_006758817
chr09_06888740,chr09_006888740
chr09_07221967,chr09_007221967
chr09_07222036,chr09_007222036
chr09_07546186,chr09_007546186
chr09_07546211,chr09_007546211
chr09_07546345,chr09_007546345
chr09_07546380,chr09_007546380
chr09_07644472,chr09_007644472
chr09_07870653,chr09_007870653
chr09_07900801,chr09_007900801
chr09_07900841,chr09_007900841
chr09_08028982,chr09_008028982
chr09_08029033,chr09_008029033
chr09_08597655,chr09_008597655
chr09_08835521,chr09_008835521
chr09_09184263,chr09_009184263
chr09_09186124,chr09_009186124
chr09_09219997,chr09_009219997
chr09_09220033,chr09_009220033
chr09_09498647,chr09_009498647
chr09_09517220,chr09_009517220
chr09_09569899,chr09_009569899
chr09_09911493,chr09_009911493
chr09_09911605,chr09_009911605
chr09_09912660,chr09_009912660
chr09_09912680,chr09_009912680
chr09_09912700,chr09_009912700
chr09_09912739,chr09_009912739
chr09_10196127,chr09_010196127
chr09_10235535,chr09_010235535
chr09_10280763,chr09_010280763
chr09_10314669,chr09_010314669
chr09_10314691,chr09_010314691
chr09_10314718,chr09_010314718
chr09_10314855,chr09_010314855
chr09_10314886,chr09_010314886
chr09_10465441,chr09_010465441
chr09_10810013,chr09_010810013
chr09_11093122,chr09_011093122
chr09_11369054,chr09_011369054
chr09_11595275,chr09_011595275
chr09_11595306,chr09_011595306
chr09_11600953,chr09_011600953
chr09_11600993,chr09_011600993
chr09_11604660,chr09_011604660
chr09_11604684,chr09_011604684
chr09_11604738,chr09_011604738
chr09_11604820,chr09_011604820
chr09_11680095,chr09_011680095
chr09_11680255,chr09_011680255
chr09_12085903,chr09_012085903
chr09_12450834,chr09_012450834
chr09_12450858,chr09_012450858
chr09_12838118,chr09_012838118
chr09_12838140,chr09_012838140
chr09_12865570,chr09_012865570
chr09_13287810,chr09_013287810
chr09_13912834,chr09_013912834
chr09_13989349,chr09_013989349
chr09_14543731,chr09_014543731
chr09_14543754,chr09_014543754
chr09_14543864,chr09_014543864
chr09_14685147,chr09_014685147
chr09_14988141,chr09_014988141
chr09_15446061,chr09_015446061
chr09_15561838,chr09_015561838
chr09_15564184,chr09_015564184
chr09_15567204,chr09_015567204
chr09_15567355,chr09_015567355
chr09_15638403,chr09_015638403
chr09_15684094,chr09_015684094
chr09_15740110,chr09_015740110
chr09_15760060,chr09_015760060
chr09_16312015,chr09_016312015
chr09_16568848,chr09_016568848
chr09_16621900,chr09_016621900
chr09_16887803,chr09_016887803
chr09_16887872,chr09_016887872
chr09_16887982,chr09_016887982
chr09_17375576,chr09_017375576
chr09_17691994,chr09_017691994
chr09_18057630,chr09_018057630
chr09_18123572,chr09_018123572
chr09_18404852,chr09_018404852
chr09_18404973,chr09_018404973
chr09_18662170,chr09_018662170
chr09_19053099,chr09_019053099
chr09_19460212,chr09_019460212
chr09_19553871,chr09_019553871
chr09_19553968,chr09_019553968
chr09_19553993,chr09_019553993
chr09_20163817,chr09_020163817
chr09_20464978,chr09_020464978
chr09_20465004,chr09_020465004
chr09_20465040,chr09_020465040
chr09_20466605,chr09_020466605
chr09_20668505,chr09_020668505
chr09_20668539,chr09_020668539
chr09_20668568,chr09_020668568
chr09_20668649,chr09_020668649
chr09_20668723,chr09_020668723
chr09_20840218,chr09_020840218
chr09_20928275,chr09_020928275
chr09_20928308,chr09_020928308
chr09_21150588,chr09_021150588
chr09_21624015,chr09_021624015
chr09_21630281,chr09_021630281
chr09_21812941,chr09_021812941
chr09_22115182,chr09_022115182
chr09_22115236,chr09_022115236
chr09_22115349,chr09_022115349
chr09_22115385,chr09_022115385
chr09_22116326,chr09_022116326
chr09_22313972,chr09_022313972
chr09_22314065,chr09_022314065
chr09_22396793,chr09_022396793
chr09_22926219,chr09_022926219
chr09_23422855,chr09_023422855
chr09_23737467,chr09_023737467
chr09_24139588,chr09_024139588
chr09_24202030,chr09_024202030
chr09_24367731,chr09_024367731
chr09_24917006,chr09_024917006
chr09_25429039,chr09_025429039
chr09_25533149,chr09_025533149
chr09_26408337,chr09_026408337
chr09_26933339,chr09_026933339
chr09_27171146,chr09_027171146
chr09_27557395,chr09_027557395
chr09_27557432,chr09_027557432
chr09_27669610,chr09_027669610
chr09_27669666,chr09_027669666
chr09_27669708,chr09_027669708
chr09_27669727,chr09_027669727
chr09_27670531,chr09_027670531
chr09_28161618,chr09_028161618
chr09_28513005,chr09_028513005
chr09_28716492,chr09_028716492
chr09_29249293,chr09_029249293
chr09_29693423,chr09_029693423
chr09_30088291,chr09_030088291
chr09_30670391,chr09_030670391
chr09_30926935,chr09_030926935
chr09_31324348,chr09_031324348
chr09_31920776,chr09_031920776
chr09_32095706,chr09_032095706
chr09_32564480,chr09_032564480
chr09_32787098,chr09_032787098
chr09_33026689,chr09_033026689
chr09_33470547,chr09_033470547
chr09_34241401,chr09_034241401
chr09_34424465,chr09_034424465
chr09_34928640,chr09_034928640
chr09_35374059,chr09_035374059
chr09_35397845,chr09_035397845
chr09_35893245,chr09_035893245
chr09_36266430,chr09_036266430
chr09_36647423,chr09_036647423
chr09_37352830,chr09_037352830
chr09_37764635,chr09_037764635
chr09_38023246,chr09_038023246
chr09_38322347,chr09_038322347
chr09_38342017,chr09_038342017
chr09_38656205,chr09_038656205
chr09_39352042,chr09_039352042
chr09_39378863,chr09_039378863
chr09_39827612,chr09_039827612
chr09_40344348,chr09_040344348
chr09_40427140,chr09_040427140
chr09_41081142,chr09_041081142
chr09_41407931,chr09_041407931
chr10_00053732,chr10_000053732
chr10_00056734,chr10_000056734
chr10_00302955,chr10_000302955
chr10_00302999,chr10_000302999
chr10_00425350,chr10_000425350
chr10_00456652,chr10_000456652
chr10_00467634,chr10_000467634
chr10_00467651,chr10_000467651
chr10_00479726,chr10_000479726
chr10_00604293,chr10_000604293
chr10_00756838,chr10_000756838
chr10_00886291,chr10_000886291
chr10_00897856,chr10_000897856
chr10_00940990,chr10_000940990
chr10_00941097,chr10_000941097
chr10_01157266,chr10_001157266
chr10_01230688,chr10_001230688
chr10_01230786,chr10_001230786
chr10_01593524,chr10_001593524
chr10_01858789,chr10_001858789
chr10_02232024,chr10_002232024
chr10_02288902,chr10_002288902
chr10_02541127,chr10_002541127
chr10_02696369,chr10_002696369
chr10_02696535,chr10_002696535
chr10_02704663,chr10_002704663
chr10_02704723,chr10_002704723
chr10_02962379,chr10_002962379
chr10_03331782,chr10_003331782
chr10_03331813,chr10_003331813
chr10_03464307,chr10_003464307
chr10_03858801,chr10_003858801
chr10_04058124,chr10_004058124
chr10_04268138,chr10_004268138
chr10_04398245,chr10_004398245
chr10_04779253,chr10_004779253
chr10_05285021,chr10_005285021
chr10_05286279,chr10_005286279
chr10_05286298,chr10_005286298
chr10_05286345,chr10_005286345
chr10_05286424,chr10_005286424
chr10_05426137,chr10_005426137
chr10_05649036,chr10_005649036
chr10_06137874,chr10_006137874
chr10_06137964,chr10_006137964
chr10_06373521,chr10_006373521
chr10_06373540,chr10_006373540
chr10_06373561,chr10_006373561
chr10_06373579,chr10_006373579
chr10_06373675,chr10_006373675
chr10_06657041,chr10_006657041
chr10_07025764,chr10_007025764
chr10_07058453,chr10_007058453
chr10_07492747,chr10_007492747
chr10_07492763,chr10_007492763
chr10_07657536,chr10_007657536
chr10_07657615,chr10_007657615
chr10_07677167,chr10_007677167
chr10_08185294,chr10_008185294
chr10_08327351,chr10_008327351
chr10_08662136,chr10_008662136
chr10_08692467,chr10_008692467
chr10_08787429,chr10_008787429
chr10_08787574,chr10_008787574
chr10_08870954,chr10_008870954
chr10_09217408,chr10_009217408
chr10_09217439,chr10_009217439
chr10_09217595,chr10_009217595
chr10_09516205,chr10_009516205
chr10_09523137,chr10_009523137
chr10_10039517,chr10_010039517
chr10_10376102,chr10_010376102
chr10_10484069,chr10_010484069
chr10_10533124,chr10_010533124
chr10_11358315,chr10_011358315
chr10_11810834,chr10_011810834
chr10_11870031,chr10_011870031
chr10_11870054,chr10_011870054
chr10_12559028,chr10_012559028
chr10_12810076,chr10_012810076
chr10_12951333,chr10_012951333
chr10_13574087,chr10_013574087
chr10_13765668,chr10_013765668
chr10_13933412,chr10_013933412
chr10_13934850,chr10_013934850
chr10_14218036,chr10_014218036
chr10_14408214,chr10_014408214
chr10_15201549,chr10_015201549
chr10_15244448,chr10_015244448
chr10_15412679,chr10_015412679
chr10_16495702,chr10_016495702
chr10_16495764,chr10_016495764
chr10_16958768,chr10_016958768
chr10_17134799,chr10_017134799
chr10_17349759,chr10_017349759
chr10_17798218,chr10_017798218
chr10_18120143,chr10_018120143
chr10_18496269,chr10_018496269
chr10_18661703,chr10_018661703
chr10_18999040,chr10_018999040
chr10_19344990,chr10_019344990
chr10_19983777,chr10_019983777
chr10_20404264,chr10_020404264
chr10_20483662,chr10_020483662
chr10_20483695,chr10_020483695
chr10_20805673,chr10_020805673
chr10_20805698,chr10_020805698
chr10_20805753,chr10_020805753
chr10_21192358,chr10_021192358
chr10_21192425,chr10_021192425
chr10_21743091,chr10_021743091
chr10_21906923,chr10_021906923
chr10_21964121,chr10_021964121
chr10_22452773,chr10_022452773
chr10_22658372,chr10_022658372
chr10_23060949,chr10_023060949
chr10_23343702,chr10_023343702
chr10_23343822,chr10_023343822
chr10_23537683,chr10_023537683
chr10_23761524,chr10_023761524
chr10_24056758,chr10_024056758
chr10_24100836,chr10_024100836
chr10_24253083,chr10_024253083
chr10_24553053,chr10_024553053
chr10_24714149,chr10_024714149
chr10_24714277,chr10_024714277
chr10_25354512,chr10_025354512
chr10_25625703,chr10_025625703
chr10_26028634,chr10_026028634
chr10_26028756,chr10_026028756
chr10_26028789,chr10_026028789
chr10_26028830,chr10_026028830
chr10_26181479,chr10_026181479
chr10_26181534,chr10_026181534
chr10_26692317,chr10_026692317
chr10_27015443,chr10_027015443
chr10_27355952,chr10_027355952
chr10_27574002,chr10_027574002
chr10_27702472,chr10_027702472
chr10_27702558,chr10_027702558
chr10_27804714,chr10_027804714
chr10_27804736,chr10_027804736
chr10_27809769,chr10_027809769
chr10_28114892,chr10_028114892
chr10_28362295,chr10_028362295
chr10_28362405,chr10_028362405
chr10_28465586,chr10_028465586
chr10_28465609,chr10_028465609
chr10_28500647,chr10_028500647
chr10_28500702,chr10_028500702
chr10_28816256,chr10_028816256
chr10_28816326,chr10_028816326
chr10_29096107,chr10_029096107
chr10_29096220,chr10_029096220
chr10_29128228,chr10_029128228
chr10_29185668,chr10_029185668
chr10_29269786,chr10_029269786
chr10_29269833,chr10_029269833
chr10_29693339,chr10_029693339
chr10_29800825,chr10_029800825
chr10_29800861,chr10_029800861
chr10_30167363,chr10_030167363
chr10_30235626,chr10_030235626
chr10_30554214,chr10_030554214
chr10_30554312,chr10_030554312
chr10_30554344,chr10_030554344
chr10_30568321,chr10_030568321
chr10_30886054,chr10_030886054
chr10_31014399,chr10_031014399
chr10_31057473,chr10_031057473
chr10_31204423,chr10_031204423
chr10_31666701,chr10_031666701
chr10_31935247,chr10_031935247
chr10_31935278,chr10_031935278
chr10_32242021,chr10_032242021
chr10_32372959,chr10_032372959
chr10_32373000,chr10_032373000
chr10_32758540,chr10_032758540
chr10_32911582,chr10_032911582
chr10_32911645,chr10_032911645
chr10_33015400,chr10_033015400
chr10_33208991,chr10_033208991
chr10_33251072,chr10_033251072
chr10_33251236,chr10_033251236
chr10_33340913,chr10_033340913
chr11_00338729,chr11_000338729
chr11_00557544,chr11_000557544
chr11_00557604,chr11_000557604
chr11_00558183,chr11_000558183
chr11_00821597,chr11_000821597
chr11_00821633,chr11_000821633
chr11_00924552,chr11_000924552
chr11_00943158,chr11_000943158
chr11_01029015,chr11_001029015
chr11_01165055,chr11_001165055
chr11_01165139,chr11_001165139
chr11_01165186,chr11_001165186
chr11_01812757,chr11_001812757
chr11_01812794,chr11_001812794
chr11_01922267,chr11_001922267
chr11_02585490,chr11_002585490
chr11_02796678,chr11_002796678
chr11_03348967,chr11_003348967
chr11_03414770,chr11_003414770
chr11_03949514,chr11_003949514
chr11_03949633,chr11_003949633
chr11_04198804,chr11_004198804
chr11_04198855,chr11_004198855
chr11_04199003,chr11_004199003
chr11_04360325,chr11_004360325
chr11_04360349,chr11_004360349
chr11_04360376,chr11_004360376
chr11_04360407,chr11_004360407
chr11_04360468,chr11_004360468
chr11_04786786,chr11_004786786
chr11_04952599,chr11_004952599
chr11_05011097,chr11_005011097
chr11_05029543,chr11_005029543
chr11_05434535,chr11_005434535
chr11_05546121,chr11_005546121
chr11_05546243,chr11_005546243
chr11_05548275,chr11_005548275
chr11_05581462,chr11_005581462
chr11_05809861,chr11_005809861
chr11_06081812,chr11_006081812
chr11_06081912,chr11_006081912
chr11_06194095,chr11_006194095
chr11_06705556,chr11_006705556
chr11_07076498,chr11_007076498
chr11_07076529,chr11_007076529
chr11_07076598,chr11_007076598
chr11_07076624,chr11_007076624
chr11_07201789,chr11_007201789
chr11_07221626,chr11_007221626
chr11_07302188,chr11_007302188
chr11_07308144,chr11_007308144
chr11_07526678,chr11_007526678
chr11_07758476,chr11_007758476
chr11_07758644,chr11_007758644
chr11_07843845,chr11_007843845
chr11_07913320,chr11_007913320
chr11_07913393,chr11_007913393
chr11_07913425,chr11_007913425
chr11_07959135,chr11_007959135
chr11_07959226,chr11_007959226
chr11_08392709,chr11_008392709
chr11_08477297,chr11_008477297
chr11_08891846,chr11_008891846
chr11_09217236,chr11_009217236
chr11_09487166,chr11_009487166
chr11_09553410,chr11_009553410
chr11_09603306,chr11_009603306
chr11_09603408,chr11_009603408
chr11_09763932,chr11_009763932
chr11_09763977,chr11_009763977
chr11_09764015,chr11_009764015
chr11_09764048,chr11_009764048
chr11_09803944,chr11_009803944
chr11_10042184,chr11_010042184
chr11_10073002,chr11_010073002
chr11_10073107,chr11_010073107
chr11_10283458,chr11_010283458
chr11_10595288,chr11_010595288
chr11_10797163,chr11_010797163
chr11_10854908,chr11_010854908
chr11_11715343,chr11_011715343
chr11_11804202,chr11_011804202
chr11_12257435,chr11_012257435
chr11_12529264,chr11_012529264
chr11_13002501,chr11_013002501
chr11_13104569,chr11_013104569
chr11_13262997,chr11_013262997
chr11_13263085,chr11_013263085
chr11_13407863,chr11_013407863
chr11_13430606,chr11_013430606
chr11_13613806,chr11_013613806
chr11_13613849,chr11_013613849
chr11_13613871,chr11_013613871
chr11_13613980,chr11_013613980
chr11_13725268,chr11_013725268
chr11_14120160,chr11_014120160
chr11_14344405,chr11_014344405
chr11_14671491,chr11_014671491
chr11_14739253,chr11_014739253
chr11_14886765,chr11_014886765
chr11_15265263,chr11_015265263
chr11_15403157,chr11_015403157
chr11_15442540,chr11_015442540
chr11_15442658,chr11_015442658
chr11_15662919,chr11_015662919
chr11_15973683,chr11_015973683
chr11_16190235,chr11_016190235
chr11_16602955,chr11_016602955
chr11_16901341,chr11_016901341
chr11_17278600,chr11_017278600
chr11_17278636,chr11_017278636
chr11_17278672,chr11_017278672
chr11_17684150,chr11_017684150
chr11_17964127,chr11_017964127
chr11_18317543,chr11_018317543
chr11_18569792,chr11_018569792
chr11_19070684,chr11_019070684
chr11_19184435,chr11_019184435
chr11_19649506,chr11_019649506
chr11_20197141,chr11_020197141
chr11_20409048,chr11_020409048
chr11_20947528,chr11_020947528
chr11_21528767,chr11_021528767
chr11_22116676,chr11_022116676
chr11_22116709,chr11_022116709
chr11_22116747,chr11_022116747
chr11_22116775,chr11_022116775
chr11_22116797,chr11_022116797
chr11_22750423,chr11_022750423
chr11_22984662,chr11_022984662
chr11_23149721,chr11_023149721
chr11_23481165,chr11_023481165
chr11_24005853,chr11_024005853
chr11_24112099,chr11_024112099
chr11_25066370,chr11_025066370
chr11_25127023,chr11_025127023
chr11_25127044,chr11_025127044
chr11_25127086,chr11_025127086
chr11_25608372,chr11_025608372
chr11_25781022,chr11_025781022
chr11_25781108,chr11_025781108
chr11_26158220,chr11_026158220
chr11_26472705,chr11_026472705
chr11_27200096,chr11_027200096
chr11_27504999,chr11_027504999
chr11_27505015,chr11_027505015
chr11_27618022,chr11_027618022
chr11_27618063,chr11_027618063
chr11_27769303,chr11_027769303
chr11_27769349,chr11_027769349
chr11_27894327,chr11_027894327
chr11_28295309,chr11_028295309
chr11_28664101,chr11_028664101
chr11_29227413,chr11_029227413
chr11_29278168,chr11_029278168
chr11_29278228,chr11_029278228
chr11_29336887,chr11_029336887
chr11_29345399,chr11_029345399
chr11_29345416,chr11_029345416
chr11_29345528,chr11_029345528
chr11_29582026,chr11_029582026
chr11_29582093,chr11_029582093
chr11_29592121,chr11_029592121
chr11_29593989,chr11_029593989
chr11_29716871,chr11_029716871
chr11_29716903,chr11_029716903
chr11_29865089,chr11_029865089
chr11_29865127,chr11_029865127
chr11_30099104,chr11_030099104
chr11_30118595,chr11_030118595
chr11_30118736,chr11_030118736
chr11_30353955,chr11_030353955
chr11_30686187,chr11_030686187
chr11_31156619,chr11_031156619
chr11_31156664,chr11_031156664
chr11_31156703,chr11_031156703
chr11_31156782,chr11_031156782
chr11_31156817,chr11_031156817
chr11_31184089,chr11_031184089
chr11_31184155,chr11_031184155
chr11_31186836,chr11_031186836
chr11_31497018,chr11_031497018
chr11_31497036,chr11_031497036
chr11_31497066,chr11_031497066
chr11_31497096,chr11_031497096
chr11_31497167,chr11_031497167
chr11_31598171,chr11_031598171
chr11_31598204,chr11_031598204
chr11_31598322,chr11_031598322
chr11_31736683,chr11_031736683
chr11_32271155,chr11_032271155
chr11_32321616,chr11_032321616
chr11_32803069,chr11_032803069
chr11_33250109,chr11_033250109
chr11_33653327,chr11_033653327
chr11_34325173,chr11_034325173
chr11_34325260,chr11_034325260
chr11_34466818,chr11_034466818
chr11_34466841,chr11_034466841
chr11_34466868,chr11_034466868
chr11_34466965,chr11_034466965
chr11_34844641,chr11_034844641
chr11_35249665,chr11_035249665
chr11_35363225,chr11_035363225
chr11_35564572,chr11_035564572
chr11_35564607,chr11_035564607
chr11_35842226,chr11_035842226
chr11_36172088,chr11_036172088
chr11_36741378,chr11_036741378
chr11_36972613,chr11_036972613
chr11_37407551,chr11_037407551
chr11_37512742,chr11_037512742
chr11_37690940,chr11_037690940
chr11_38202595,chr11_038202595
chr12_00086253,chr12_000086253
chr12_00086292,chr12_000086292
chr12_00086324,chr12_000086324
chr12_00532598,chr12_000532598
chr12_00724529,chr12_000724529
chr12_00899387,chr12_000899387
chr12_00899474,chr12_000899474
chr12_00899498,chr12_000899498
chr12_00942009,chr12_000942009
chr12_01054405,chr12_001054405
chr12_01054439,chr12_001054439
chr12_01323504,chr12_001323504
chr12_01636162,chr12_001636162
chr12_01898244,chr12_001898244
chr12_02433391,chr12_002433391
chr12_02433495,chr12_002433495
chr12_02621438,chr12_002621438
chr12_02886270,chr12_002886270
chr12_03096037,chr12_003096037
chr12_03561039,chr12_003561039
chr12_03561059,chr12_003561059
chr12_03561090,chr12_003561090
chr12_03561111,chr12_003561111
chr12_03561136,chr12_003561136
chr12_03561159,chr12_003561159
chr12_03562724,chr12_003562724
chr12_03562874,chr12_003562874
chr12_03562919,chr12_003562919
chr12_03587817,chr12_003587817
chr12_03587836,chr12_003587836
chr12_03875525,chr12_003875525
chr12_03992977,chr12_003992977
chr12_04000054,chr12_004000054
chr12_04322321,chr12_004322321
chr12_04322348,chr12_004322348
chr12_04322410,chr12_004322410
chr12_04616618,chr12_004616618
chr12_04940707,chr12_004940707
chr12_05182382,chr12_005182382
chr12_05182420,chr12_005182420
chr12_05182440,chr12_005182440
chr12_05280581,chr12_005280581
chr12_05300841,chr12_005300841
chr12_05689365,chr12_005689365
chr12_05689470,chr12_005689470
chr12_06194353,chr12_006194353
chr12_06398354,chr12_006398354
chr12_06693887,chr12_006693887
chr12_07006574,chr12_007006574
chr12_07321172,chr12_007321172
chr12_07340721,chr12_007340721
chr12_07350382,chr12_007350382
chr12_07350465,chr12_007350465
chr12_07400557,chr12_007400557
chr12_07400623,chr12_007400623
chr12_07400653,chr12_007400653
chr12_07400677,chr12_007400677
chr12_07405569,chr12_007405569
chr12_07405644,chr12_007405644
chr12_07516095,chr12_007516095
chr12_07824143,chr12_007824143
chr12_08322316,chr12_008322316
chr12_08628157,chr12_008628157
chr12_08647472,chr12_008647472
chr12_08662204,chr12_008662204
chr12_08662304,chr12_008662304
chr12_08763162,chr12_008763162
chr12_08763201,chr12_008763201
chr12_08763280,chr12_008763280
chr12_08763315,chr12_008763315
chr12_09086897,chr12_009086897
chr12_09133148,chr12_009133148
chr12_09215719,chr12_009215719
chr12_09360514,chr12_009360514
chr12_09735079,chr12_009735079
chr12_09918826,chr12_009918826
chr12_10183762,chr12_010183762
chr12_10462305,chr12_010462305
chr12_10466790,chr12_010466790
chr12_10466826,chr12_010466826
chr12_10466867,chr12_010466867
chr12_10466937,chr12_010466937
chr12_10468794,chr12_010468794
chr12_10862395,chr12_010862395
chr12_11157863,chr12_011157863
chr12_11475038,chr12_011475038
chr12_11649333,chr12_011649333
chr12_11899055,chr12_011899055
chr12_12243202,chr12_012243202
chr12_12243257,chr12_012243257
chr12_12243281,chr12_012243281
chr12_12437318,chr12_012437318
chr12_12453436,chr12_012453436
chr12_12453553,chr12_012453553
chr12_12724357,chr12_012724357
chr12_12857810,chr12_012857810
chr12_12884324,chr12_012884324
chr12_12914746,chr12_012914746
chr12_12976351,chr12_012976351
chr12_13408890,chr12_013408890
chr12_13830734,chr12_013830734
chr12_14231904,chr12_014231904
chr12_14231951,chr12_014231951
chr12_14459770,chr12_014459770
chr12_14853037,chr12_014853037
chr12_14925007,chr12_014925007
chr12_14937017,chr12_014937017
chr12_15216177,chr12_015216177
chr12_15216253,chr12_015216253
chr12_15216330,chr12_015216330
chr12_15216414,chr12_015216414
chr12_15230426,chr12_015230426
chr12_15980833,chr12_015980833
chr12_16182845,chr12_016182845
chr12_16352374,chr12_016352374
chr12_16664129,chr12_016664129
chr12_17008258,chr12_017008258
chr12_17392930,chr12_017392930
chr12_17680894,chr12_017680894
chr12_17988321,chr12_017988321
chr12_18351073,chr12_018351073
chr12_18351205,chr12_018351205
chr12_18392411,chr12_018392411
chr12_18816298,chr12_018816298
chr12_19103154,chr12_019103154
chr12_19189268,chr12_019189268
chr12_19703038,chr12_019703038
chr12_19918407,chr12_019918407
chr12_20217205,chr12_020217205
chr12_20641339,chr12_020641339
chr12_20868445,chr12_020868445
chr12_21729066,chr12_021729066
chr12_21738781,chr12_021738781
chr12_21816256,chr12_021816256
chr12_22038761,chr12_022038761
chr12_22355093,chr12_022355093
chr12_22857393,chr12_022857393
chr12_23658038,chr12_023658038
chr12_23704792,chr12_023704792
chr12_23748392,chr12_023748392
chr12_24226970,chr12_024226970
chr12_24488273,chr12_024488273
chr12_24595101,chr12_024595101
chr12_24713754,chr12_024713754
chr12_25050914,chr12_025050914
chr12_25077660,chr12_025077660
chr12_25476054,chr12_025476054
chr12_25854947,chr12_025854947
chr12_25903129,chr12_025903129
chr12_26457001,chr12_026457001
chr12_26457026,chr12_026457026
chr12_26457095,chr12_026457095
chr12_26457132,chr12_026457132
chr12_27256749,chr12_027256749
chr12_27445751,chr12_027445751
chr12_27516346,chr12_027516346
chr12_27516441,chr12_027516441
chr12_27516489,chr12_027516489
chr12_27710119,chr12_027710119
chr12_27888372,chr12_027888372
chr12_28149881,chr12_028149881
chr12_28246588,chr12_028246588
chr12_28286476,chr12_028286476
chr12_28378398,chr12_028378398
chr12_28742797,chr12_028742797
chr12_28742885,chr12_028742885
chr12_29502119,chr12_029502119
chr12_29585555,chr12_029585555
chr12_29742754,chr12_029742754
chr12_29909573,chr12_029909573
chr12_30078559,chr12_030078559
chr12_30142246,chr12_030142246
chr12_30142292,chr12_030142292
chr12_30144376,chr12_030144376
chr12_30506427,chr12_030506427
chr12_30510255,chr12_030510255
chr12_30560477,chr12_030560477
chr12_30817778,chr12_030817778
chr12_30817807,chr12_030817807
chr12_30938994,chr12_030938994
chr12_31246293,chr12_031246293
chr12_31580147,chr12_031580147
chr12_31900718,chr12_031900718
chr12_32163979,chr12_032163979
chr12_32333795,chr12_032333795
chr12_32736616,chr12_032736616
chr12_32835664,chr12_032835664
chr12_32835701,chr12_032835701
chr12_33120361,chr12_033120361
chr12_33131606,chr12_033131606
chr12_33326758,chr12_033326758
chr12_33671322,chr12_033671322
chr12_33783317,chr12_033783317
chr12_33828061,chr12_033828061
chr12_33951913,chr12_033951913
chr12_34202763,chr12_034202763
chr12_34372584,chr12_034372584
chr12_34591465,chr12_034591465
chr12_34948486,chr12_034948486
chr12_34955278,chr12_034955278
chr12_34955398,chr12_034955398
chr12_35208831,chr12_035208831
chr12_35742301,chr12_035742301
chr12_35950045,chr12_035950045
chr12_36090205,chr12_036090205
chr12_36437314,chr12_036437314
chr12_36561976,chr12_036561976
chr12_36562002,chr12_036562002
chr12_36816895,chr12_036816895
chr12_36962242,chr12_036962242
chr12_37074339,chr12_037074339
chr12_37456072,chr12_037456072
chr12_37599013,chr12_037599013
chr12_37919575,chr12_037919575
chr12_38101961,chr12_038101961
chr12_38162703,chr12_038162703
chr12_38559171,chr12_038559171
chr12_38910669,chr12_038910669
chr12_39260963,chr12_039260963
chr12_39379239,chr12_039379239
chr12_39606323,chr12_039606323
chr12_40002516,chr12_040002516
chr12_40288016,chr12_040288016
chr12_40760045,chr12_040760045
chr01_01465651,chr01_001465651
chr01_15161370,chr01_015161370
chr01_26636907,chr01_026636907
chr01_28192744,chr01_028192744
chr01_35403686,chr01_035403686
chr01_41606144,chr01_041606144
chr02_08484621,chr02_008484621
chr02_09167112,chr02_009167112
chr02_16562161,chr02_016562161
chr02_21441855,chr02_021441855
chr02_31508817,chr02_031508817
chr02_38575814,chr02_038575814
chr03_00059682,chr03_000059682
chr03_01337870,chr03_001337870
chr03_06790950,chr03_006790950
chr03_14225898,chr03_014225898
chr03_20346303,chr03_020346303
chr03_32632400,chr03_032632400
chr04_00847438,chr04_000847438
chr04_01986490,chr04_001986490
chr04_03408188,chr04_003408188
chr04_03653089,chr04_003653089
chr05_02021754,chr05_002021754
chr05_22965046,chr05_022965046
chr05_30439740,chr05_030439740
chr06_03580553,chr06_003580553
chr06_17533965,chr06_017533965
chr06_35627087,chr06_035627087
chr06_39543187,chr06_039543187
chr07_03908418,chr07_003908418
chr07_08690080,chr07_008690080
chr07_24981140,chr07_024981140
chr07_25656406,chr07_025656406
chr07_26691936,chr07_026691936
chr07_31134738,chr07_031134738
chr08_03139025,chr08_003139025
chr08_10336148,chr08_010336148
chr08_19799604,chr08_019799604
chr08_26271676,chr08_026271676
chr08_36832306,chr08_036832306
chr08_37598877,chr08_037598877
chr09_01313542,chr09_001313542
chr09_02394263,chr09_002394263
chr09_16313500,chr09_016313500
chr09_23290817,chr09_023290817
chr10_03996408,chr10_003996408
chr10_17370317,chr10_017370317
chr11_01022415,chr11_001022415
chr11_10026534,chr11_010026534
chr11_13534265,chr11_013534265
chr11_16317034,chr11_016317034
chr11_33374447,chr11_033374447
chr11_34334373,chr11_034334373
chr12_40618883,chr12_040618883
