chr1.1_000194324,81
chr1.1_000452961,81
chr1.1_000532584,81
chr1.1_000837330,81
chr1.1_000915014,81
chr1.1_001169609,81
chr1.1_001494903,81
chr1.1_001590881,81
chr1.1_002111756,81
chr1.1_002341138,81
chr1.1_002432574,81
chr1.1_002703089,81
chr1.1_002798325,81
chr1.1_003103125,81
chr1.1_003243094,81
chr1.1_003329439,81
chr1.1_003491884,81
chr1.1_003613850,81
chr1.1_003712477,81
chr1.1_003898103,81
chr1.1_004315961,81
chr1.1_004436755,81
chr1.1_004538231,81
chr1.1_004964967,81
chr1.1_005027893,81
chr1.1_005278309,81
chr1.1_005509457,81
chr1.1_005618685,81
chr1.1_006072575,81
chr1.1_006263297,81
chr1.1_006660525,81
chr1.1_006759713,81
chr1.1_006927231,81
chr1.1_007050147,81
chr1.1_007349949,81
chr1.1_007519233,81
chr1.1_007830610,81
chr1.1_008362856,81
chr1.1_008671918,81
chr1.1_009082943,81
chr1.1_009175857,81
chr1.1_009325684,81
chr1.1_009654615,81
chr1.1_009788520,81
chr1.1_010182954,81
chr1.1_010513693,81
chr1.1_010654139,81
chr1.1_010740435,81
chr1.1_011053888,81
chr1.1_011205612,81
chr1.1_011294632,81
chr1.1_011550587,81
chr1.1_011602715,81
chr1.1_011667046,81
chr1.1_011839955,81
chr1.1_012022200,81
chr1.1_012607158,81
chr1.1_012673656,81
chr1.1_012905400,81
chr1.1_012952616,81
chr1.1_013166244,81
chr1.1_013536075,81
chr1.1_014100127,81
chr1.1_014207906,81
chr1.1_014290088,81
chr1.1_014683124,81
chr1.1_014788595,81
chr1.1_014974968,81
chr1.1_015044468,81
chr1.1_015282744,81
chr1.1_016136535,81
chr1.1_016221768,81
chr1.1_016522945,81
chr1.1_016976894,81
chr1.1_017030914,81
chr1.1_017368305,81
chr1.1_017502654,81
chr1.1_017604907,81
chr1.1_018083264,81
chr1.1_018362099,81
chr1.1_018698343,81
chr1.1_019009023,81
chr1.1_019232221,81
chr1.1_019281061,81
chr1.1_019387175,81
chr1.1_019596141,81
chr1.1_019780298,81
chr1.1_020097917,81
chr1.1_020310833,81
chr1.1_020548930,81
chr1.1_020860458,81
chr1.1_021161903,81
chr1.1_022582932,81
chr1.1_023060630,81
chr1.1_023241568,81
chr1.1_023395952,81
chr1.1_023535207,81
chr1.1_024489859,81
chr1.1_024760634,81
chr1.1_024951410,81
chr1.1_025688638,81
chr1.1_025728959,81
chr1.1_026050142,81
chr1.1_026445102,81
chr1.1_026502181,81
chr1.1_026672067,81
chr1.1_027050989,81
chr1.1_028189850,81
chr1.1_028465946,81
chr1.1_028687110,81
chr1.1_028857948,81
chr1.1_029362039,81
chr1.1_030458048,81
chr1.1_030744456,81
chr1.1_030969636,81
chr1.1_031180522,81
chr1.1_031360007,81
chr1.1_031442927,81
chr1.1_031907509,81
chr1.1_034579746,81
chr1.1_034663420,81
chr1.1_034929778,81
chr1.1_035085053,81
chr1.1_035517292,81
chr1.1_035758205,81
chr1.1_035847212,81
chr1.1_036130046,81
chr1.1_036517797,81
chr1.1_037016138,81
chr1.1_037235555,81
chr1.1_037725360,81
chr1.1_038088164,81
chr1.1_038750613,81
chr1.1_039649704,81
chr1.1_039750391,81
chr1.1_040119373,81
chr1.1_040239853,81
chr1.1_040459914,81
chr1.1_040541523,81
chr1.1_040884556,81
chr1.1_041090446,81
chr1.1_041552398,81
chr1.1_041861948,81
chr1.1_041973913,81
chr1.1_042133605,81
chr1.1_042326466,81
chr1.1_042878649,81
chr1.1_042937109,81
chr1.1_043662924,81
chr1.1_043883037,81
chr1.1_043956745,81
chr1.1_044240352,81
chr1.1_044852814,81
chr1.1_045057203,81
chr1.1_045471702,81
chr1.1_045523314,81
chr1.1_045815957,81
chr1.1_046180304,81
chr1.1_046229506,81
chr1.1_046377798,81
chr1.1_046506264,81
chr1.1_046790681,81
chr1.1_046909735,81
chr1.1_047070995,81
chr1.1_047343338,81
chr1.1_047675063,81
chr1.1_048245831,81
chr1.1_048290432,81
chr1.1_048594376,81
chr1.1_048967392,81
chr1.1_049209776,81
chr1.1_049674571,81
chr1.1_049986705,81
chr1.1_050196038,81
chr1.1_050410075,81
chr1.1_050445236,81
chr1.1_050666099,81
chr1.1_050888730,81
chr1.1_051100476,81
chr1.1_051210992,81
chr1.1_051370226,81
chr1.1_051484533,81
chr1.1_051703372,81
chr1.1_051814520,81
chr1.1_051972182,81
chr1.1_052161558,81
chr1.1_052249466,81
chr1.1_052470363,81
chr1.1_052738087,81
chr1.1_052910315,81
chr1.1_053016387,81
chr1.1_053207743,81
chr1.1_053252858,81
chr1.1_053507789,81
chr1.1_053727670,81
chr1.1_054011025,81
chr1.1_054336339,81
chr1.1_054507030,81
chr1.1_054605569,81
chr1.1_054806633,81
chr1.1_054850273,81
chr1.1_055078568,81
chr1.1_055541494,81
chr1.1_055663565,81
chr1.1_055756341,81
chr1.1_056166196,81
chr1.1_056238297,81
chr1.1_056606323,81
chr1.1_056647379,81
chr1.1_056908185,81
chr1.1_056974244,81
chr1.1_057154748,81
chr1.1_057869947,81
chr1.1_058019546,81
chr1.1_058204817,81
chr1.1_058282718,81
chr1.1_058425180,81
chr1.1_058563877,81
chr1.1_059058568,81
chr1.1_059269690,81
chr1.1_059477047,81
chr1.1_059868522,81
chr1.1_060072647,81
chr1.1_060190289,81
chr1.1_060454213,81
chr1.1_060661578,81
chr1.1_060904991,81
chr1.1_061015913,81
chr1.1_061244894,81
chr1.1_061361427,81
chr1.1_061556964,81
chr1.1_061744598,81
chr1.1_061878825,81
chr1.1_062212163,81
chr1.1_062673159,81
chr1.1_062762651,81
chr1.1_062973817,81
chr1.1_063109180,81
chr1.1_063422231,81
chr1.1_063517450,81
chr1.1_063670977,81
chr1.1_064260200,81
chr1.1_064512571,81
chr1.1_064709912,81
chr1.1_064843909,81
chr1.1_064977592,81
chr1.1_065291839,81
chr1.1_065610245,81
chr1.1_065651962,81
chr1.1_065913202,81
chr1.1_065987140,81
chr1.1_066308844,81
chr1.1_066653706,81
chr1.1_067016814,81
chr1.1_067076739,81
chr1.1_067331622,81
chr1.1_067727317,81
chr1.1_067783227,81
chr1.1_068356794,81
chr1.1_068477558,81
chr1.1_068772824,81
chr1.1_068859167,81
chr1.1_068948271,81
chr1.1_069275148,81
chr1.1_069497229,81
chr1.1_069607033,81
chr1.1_069984402,81
chr1.1_070030472,81
chr1.1_070288058,81
chr1.1_070738276,81
chr1.1_070878680,81
chr1.1_071071717,81
chr1.1_071333915,81
chr1.1_071537340,81
chr1.1_072105213,81
chr1.1_072911768,81
chr1.1_073072750,81
chr1.1_073335128,81
chr1.1_073381901,81
chr1.1_073499503,81
chr1.1_073741122,81
chr1.1_074003328,81
chr1.1_074288136,81
chr1.1_074445606,81
chr1.1_074623263,81
chr1.1_074842300,81
chr1.1_075061265,81
chr1.1_075309520,81
chr1.1_075444453,81
chr1.1_075562195,81
chr1.1_075668041,81
chr1.1_075797305,81
chr1.1_076061917,81
chr1.1_076269128,81
chr1.1_076401726,81
chr1.1_076590836,81
chr1.1_077069813,81
chr1.1_077233102,81
chr1.1_077487606,81
chr1.1_077708852,81
chr1.1_077908817,81
chr1.1_078197005,81
chr1.1_078353592,81
chr1.1_078564815,81
chr1.1_078756250,81
chr1.1_078896738,81
chr1.1_079690059,81
chr1.1_079871662,81
chr1.1_079947678,81
chr1.1_080108022,81
chr1.1_080365520,81
chr1.1_080596889,81
chr1.1_080757246,81
chr1.1_080888940,81
chr1.1_081270233,81
chr1.1_081321362,81
chr1.1_081443125,81
chr1.1_081910582,81
chr2.1_000171719,81
chr2.1_000218426,81
chr2.1_000313197,81
chr2.1_000616827,81
chr2.1_000651174,81
chr2.1_000925919,81
chr2.1_001148661,81
chr2.1_001844350,81
chr2.1_002020911,81
chr2.1_002180364,81
chr2.1_002601144,81
chr2.1_002907091,81
chr2.1_003167657,81
chr2.1_003485139,81
chr2.1_003814453,81
chr2.1_004228766,81
chr2.1_004409859,81
chr2.1_004642549,81
chr2.1_004934550,81
chr2.1_005091230,81
chr2.1_005398237,81
chr2.1_005666195,81
chr2.1_006010709,81
chr2.1_006192930,81
chr2.1_006363128,81
chr2.1_006661298,81
chr2.1_006733104,81
chr2.1_006975295,81
chr2.1_007034650,81
chr2.1_007292278,81
chr2.1_007456230,81
chr2.1_007487844,81
chr2.1_007721952,81
chr2.1_007887726,81
chr2.1_008002584,81
chr2.1_008315059,81
chr2.1_008444668,81
chr2.1_008612395,81
chr2.1_009015188,81
chr2.1_009068382,81
chr2.1_009112874,81
chr2.1_009359877,81
chr2.1_009635376,81
chr2.1_009767791,81
chr2.1_010055664,81
chr2.1_010317390,81
chr2.1_010373459,81
chr2.1_010623720,81
chr2.1_010674301,81
chr2.1_011003401,81
chr2.1_011040841,81
chr2.1_011251949,81
chr2.1_011316362,81
chr2.1_011524057,81
chr2.1_012389610,81
chr2.1_012560495,81
chr2.1_012736370,81
chr2.1_012870813,81
chr2.1_013045665,81
chr2.1_013328742,81
chr2.1_013744405,81
chr2.1_014078405,81
chr2.1_014328793,81
chr2.1_015047364,81
chr2.1_015167963,81
chr2.1_015546760,81
chr2.1_015580772,81
chr2.1_015854085,81
chr2.1_016361328,81
chr2.1_016422728,81
chr2.1_016536323,81
chr2.1_016773051,81
chr2.1_017012486,81
chr2.1_017466740,81
chr2.1_017523753,81
chr2.1_017785072,81
chr2.1_017880939,81
chr2.1_018114654,81
chr2.1_018170166,81
chr2.1_018655733,81
chr2.1_018932743,81
chr2.1_019107884,81
chr2.1_019230286,81
chr2.1_019555960,81
chr2.1_019721552,81
chr2.1_020026604,81
chr2.1_020208636,81
chr2.1_020414306,81
chr2.1_020700275,81
chr2.1_020847689,81
chr2.1_021180129,81
chr2.1_021307327,81
chr2.1_021715940,81
chr2.1_021760578,81
chr2.1_021940432,81
chr2.1_022077644,81
chr2.1_022240561,81
chr2.1_022295500,81
chr2.1_022396780,81
chr2.1_022860062,81
chr2.1_022969378,81
chr2.1_023268062,81
chr2.1_023474066,81
chr2.1_023614459,81
chr2.1_023801041,81
chr2.1_024189918,81
chr2.1_024286528,81
chr2.1_024528970,81
chr2.1_024735928,81
chr2.1_024871434,81
chr2.1_025104386,81
chr2.1_025246759,81
chr2.1_025346311,81
chr2.1_025633056,81
chr2.1_026011411,81
chr2.1_026194808,81
chr2.1_026547174,81
chr2.1_026688907,81
chr2.1_026813682,81
chr2.1_027367868,81
chr2.1_027594933,81
chr2.1_027641453,81
chr2.1_028191883,81
chr2.1_028285508,81
chr2.1_028326010,81
chr2.1_028922998,81
chr2.1_029076020,81
chr2.1_029212976,81
chr2.1_029400670,81
chr2.1_029479495,81
chr2.1_029876584,81
chr2.1_030067564,81
chr2.1_030277703,81
chr2.1_030541502,81
chr2.1_030902340,81
chr2.1_031258804,81
chr2.1_031326786,81
chr2.1_031548451,81
chr2.1_031831772,81
chr2.1_032131303,81
chr2.1_032457958,81
chr2.1_032709342,81
chr2.1_032875977,81
chr2.1_033068714,81
chr2.1_033282412,81
chr2.1_033856731,81
chr2.1_033990110,81
chr2.1_034321384,81
chr2.1_034395072,81
chr2.1_034756443,81
chr2.1_035124673,81
chr2.1_035506130,81
chr2.1_035577872,81
chr2.1_035829358,81
chr2.1_035889815,81
chr2.1_036100298,81
chr2.1_036491870,81
chr2.1_036858792,81
chr2.1_036971213,81
chr2.1_037242148,81
chr2.1_038305718,81
chr2.1_038589238,81
chr2.1_038804616,81
chr2.1_039514617,81
chr2.1_039727181,81
chr2.1_039860975,81
chr2.1_040034152,81
chr2.1_040166628,81
chr2.1_040366311,81
chr2.1_040506359,81
chr2.1_041045050,81
chr2.1_041375928,81
chr2.1_041649168,81
chr2.1_041830665,81
chr2.1_042506293,81
chr2.1_042739112,81
chr2.1_043006909,81
chr2.1_043201762,81
chr2.1_043422195,81
chr2.1_044140037,81
chr2.1_044946110,81
chr2.1_045298116,81
chr2.1_045368921,81
chr2.1_045723615,81
chr2.1_046005479,81
chr2.1_046035946,81
chr2.1_046354459,81
chr2.1_046776775,81
chr2.1_047039760,81
chr2.1_047884563,81
chr2.1_048550212,81
chr2.1_048603552,81
chr2.1_048837289,81
chr2.1_049014621,81
chr2.1_049264926,81
chr2.1_049539929,81
chr2.1_049720757,81
chr2.1_049809886,81
chr2.1_050058158,81
chr2.1_051165676,81
chr2.1_051224634,81
chr2.1_051587388,81
chr2.1_051751007,81
chr2.1_052278775,81
chr2.1_052530989,81
chr2.1_052899289,81
chr2.1_053361957,81
chr2.1_053515611,81
chr2.1_054603199,81
chr2.1_054729177,81
chr2.1_055016679,81
chr2.1_055260894,81
chr2.1_055455133,81
chr2.1_055552178,81
chr2.1_055772890,81
chr2.1_055945951,81
chr2.1_056115106,81
chr2.1_056309720,81
chr2.1_056400517,81
chr2.1_056640940,81
chr2.1_056859414,81
chr2.1_057453849,81
chr2.1_057595958,81
chr2.1_057755046,81
chr2.1_058002281,81
chr2.1_058157464,81
chr2.1_058523773,81
chr2.1_058592683,81
chr2.1_059121840,81
chr2.1_059711171,81
chr2.1_060643873,81
chr2.1_060724660,81
chr2.1_060976699,81
chr2.1_061111570,81
chr2.1_061404621,81
chr2.1_061664787,81
chr2.1_061948846,81
chr2.1_062392216,81
chr2.1_062903490,81
chr2.1_063190022,81
chr2.1_063400783,81
chr2.1_063597346,81
chr2.1_063806235,81
chr2.1_063981014,81
chr2.1_064769324,81
chr2.1_064883289,81
chr2.1_065155040,81
chr2.1_065247188,81
chr2.1_065466152,81
chr2.1_065717581,81
chr2.1_066683600,81
chr2.1_066838977,81
chr2.1_067135012,81
chr2.1_067373166,81
chr2.1_067447855,81
chr2.1_067626412,81
chr2.1_067661499,81
chr2.1_067882260,81
chr2.1_068078282,81
chr2.1_068273884,81
chr2.1_068647559,81
chr2.1_068811538,81
chr2.1_069285127,81
chr2.1_069751074,81
chr2.1_069941140,81
chr2.1_070070056,81
chr2.1_070290505,81
chr2.1_070426284,81
chr2.1_070602821,81
chr2.1_070778290,81
chr2.1_070813755,81
chr2.1_071006912,81
chr2.1_071240581,81
chr2.1_071273181,81
chr2.1_071379437,81
chr2.1_071735044,81
chr2.1_072279166,81
chr2.1_072374957,81
chr2.1_072464009,81
chr2.1_072758607,81
chr2.1_072855319,81
chr2.1_073079552,81
chr2.1_073570461,81
chr2.1_073847072,81
chr2.1_073931457,81
chr2.1_074381285,81
chr2.1_074504073,81
chr2.1_074664094,81
chr2.1_075135596,81
chr2.1_075183312,81
chr2.1_075539465,81
chr2.1_075950164,81
chr2.1_076029897,81
chr2.1_076438134,81
chr3.1_000619360,81
chr3.1_000695673,81
chr3.1_000890340,81
chr3.1_001112364,81
chr3.1_001541394,81
chr3.1_002070122,81
chr3.1_002338008,81
chr3.1_002587746,81
chr3.1_003296425,81
chr3.1_003544214,81
chr3.1_003630998,81
chr3.1_003920560,81
chr3.1_004000939,81
chr3.1_004179505,81
chr3.1_004373821,81
chr3.1_004598764,81
chr3.1_004703056,81
chr3.1_004885531,81
chr3.1_004945725,81
chr3.1_005156054,81
chr3.1_005267797,81
chr3.1_005484673,81
chr3.1_006164877,81
chr3.1_006538706,81
chr3.1_006730575,81
chr3.1_007692184,81
chr3.1_007867764,81
chr3.1_008295978,81
chr3.1_008820784,81
chr3.1_008984137,81
chr3.1_009753903,81
chr3.1_010139925,81
chr3.1_010261844,81
chr3.1_010301710,81
chr3.1_010508284,81
chr3.1_010791523,81
chr3.1_011191399,81
chr3.1_011632610,81
chr3.1_011935321,81
chr3.1_012823703,81
chr3.1_013341410,81
chr3.1_013597345,81
chr3.1_013719083,81
chr3.1_013905640,81
chr3.1_014234776,81
chr3.1_014352896,81
chr3.1_014662831,81
chr3.1_015437240,81
chr3.1_016188956,81
chr3.1_016610875,81
chr3.1_016794891,81
chr3.1_016909645,81
chr3.1_017002073,81
chr3.1_019719534,81
chr3.1_020093449,81
chr3.1_020614448,81
chr3.1_020706777,81
chr3.1_020822805,81
chr3.1_021907485,81
chr3.1_021987096,81
chr3.1_022338664,81
chr3.1_022503573,81
chr3.1_022654519,81
chr3.1_023567227,81
chr3.1_024031730,81
chr3.1_024635691,81
chr3.1_024828011,81
chr3.1_025197475,81
chr3.1_026035367,81
chr3.1_026163286,81
chr3.1_026620370,81
chr3.1_027034933,81
chr3.1_027536476,81
chr3.1_027683010,81
chr3.1_028054746,81
chr3.1_028104831,81
chr3.1_028312597,81
chr3.1_029689315,81
chr3.1_030246951,81
chr3.1_030359276,81
chr3.1_030593835,81
chr3.1_030850490,81
chr3.1_031882813,81
chr3.1_032189111,81
chr3.1_032963065,81
chr3.1_033652615,81
chr3.1_034111507,81
chr3.1_034394143,81
chr3.1_034491941,81
chr3.1_034811838,81
chr3.1_034893744,81
chr3.1_035088245,81
chr3.1_035149155,81
chr3.1_035290918,81
chr3.1_035402823,81
chr3.1_036154190,81
chr3.1_036767886,81
chr3.1_037355724,81
chr3.1_037388128,81
chr3.1_038238006,81
chr3.1_038303519,81
chr3.1_038840261,81
chr3.1_039722494,81
chr3.1_040152033,81
chr3.1_040725640,81
chr3.1_040891924,81
chr3.1_041090026,81
chr3.1_041369407,81
chr3.1_041495216,81
chr3.1_042153532,81
chr3.1_042188167,81
chr3.1_043123005,81
chr3.1_043331710,81
chr3.1_043535584,81
chr3.1_043749631,81
chr3.1_044534339,81
chr3.1_044911019,81
chr3.1_045221007,81
chr3.1_045391318,81
chr3.1_046074525,81
chr3.1_046559528,81
chr3.1_046666645,81
chr3.1_047052565,81
chr3.1_047175528,81
chr3.1_047237168,81
chr3.1_047494037,81
chr3.1_047831715,81
chr3.1_048307328,81
chr3.1_048653253,81
chr3.1_048830809,81
chr3.1_049070031,81
chr3.1_049527032,81
chr3.1_049635432,81
chr3.1_049953293,81
chr3.1_050007209,81
chr3.1_050189320,81
chr3.1_050397980,81
chr3.1_050483190,81
chr3.1_050906611,81
chr3.1_051418183,81
chr3.1_051569473,81
chr3.1_052123789,81
chr3.1_052775383,81
chr3.1_052963824,81
chr3.1_053066321,81
chr3.1_053205775,81
chr3.1_053349663,81
chr3.1_053868941,81
chr3.1_053985956,81
chr3.1_054075311,81
chr3.1_054613403,81
chr3.1_054989876,81
chr3.1_055148829,81
chr3.1_055321736,81
chr3.1_055361915,81
chr3.1_055612085,81
chr3.1_056033516,81
chr3.1_056270557,81
chr3.1_056507630,81
chr3.1_056630807,81
chr3.1_056852572,81
chr3.1_056927846,81
chr3.1_057063532,81
chr3.1_057360963,81
chr3.1_057640794,81
chr3.1_057758445,81
chr3.1_057983297,81
chr3.1_058234082,81
chr3.1_058435025,81
chr3.1_058489131,81
chr3.1_058546385,81
chr3.1_058741122,81
chr3.1_058780248,81
chr3.1_058989121,81
chr3.1_059175868,81
chr3.1_059307087,81
chr3.1_059582437,81
chr3.1_059769343,81
chr3.1_060023594,81
chr3.1_060184339,81
chr3.1_060270254,81
chr3.1_060774942,81
chr3.1_061067045,81
chr3.1_061145399,81
chr3.1_061393310,81
chr3.1_061528782,81
chr3.1_061623018,81
chr3.1_061786370,81
chr3.1_061911846,81
chr3.1_062442788,81
chr3.1_063046982,81
chr3.1_063321831,81
chr3.1_063663170,81
chr3.1_063964007,81
chr3.1_064193990,81
chr3.1_064334225,81
chr3.1_064377714,81
chr3.1_064643112,81
chr3.1_064834597,81
chr3.1_065262411,81
chr3.1_065325157,81
chr3.1_065419775,81
chr3.1_065613215,81
chr3.1_065815376,81
chr3.1_066048994,81
chr3.1_066254938,81
chr3.1_066407281,81
chr3.1_066575975,81
chr3.1_066635815,81
chr3.1_066686768,81
chr3.1_066873285,81
chr3.1_067244188,81
chr3.1_067921079,81
chr3.1_068002100,81
chr3.1_068178068,81
chr3.1_068442838,81
chr3.1_068500656,81
chr3.1_068656342,81
chr3.1_069231202,81
chr3.1_069450464,81
chr3.1_069591327,81
chr3.1_069820753,81
chr3.1_070224611,81
chr3.1_070350159,81
chr3.1_070951996,81
chr3.1_071286896,81
chr3.1_071432239,81
chr3.1_071605426,81
chr3.1_071758890,81
chr3.1_072014851,81
chr3.1_072122893,81
chr3.1_072363790,81
chr3.1_072611357,81
chr3.1_072804612,81
chr3.1_072858585,81
chr3.1_073188967,81
chr3.1_073435393,81
chr3.1_073527322,81
chr3.1_073688611,81
chr3.1_073802878,81
chr3.1_074095973,81
chr3.1_074150027,81
chr3.1_074764341,81
chr3.1_075317772,81
chr3.1_075626145,81
chr3.1_075789251,81
chr3.1_075872371,81
chr3.1_075963488,81
chr3.1_076196038,81
chr3.1_076343830,81
chr3.1_076448210,81
chr3.1_076555403,81
chr3.1_076707181,81
chr3.1_077281257,81
chr3.1_077420146,81
chr3.1_077539853,81
chr3.1_077747393,81
chr3.1_078529969,81
chr3.1_078962615,81
chr3.1_079060435,81
chr3.1_079478584,81
chr3.1_079561614,81
chr3.1_079706180,81
chr3.1_079815199,81
chr3.1_080288011,81
chr3.1_080384140,81
chr3.1_080583225,81
chr3.1_080826259,81
chr3.1_080980552,81
chr3.1_081334080,81
chr3.1_081395244,81
chr3.1_081480698,81
chr3.1_081798620,81
chr3.1_081840609,81
chr3.1_082188829,81
chr3.1_082394450,81
chr3.1_082510290,81
chr3.1_082693171,81
chr3.1_082769154,81
chr3.1_083068634,81
chr3.1_083296752,81
chr3.1_083372410,81
chr3.1_083724512,81
chr3.1_084119445,81
chr3.1_084283981,81
chr3.1_084424131,81
chr3.1_084606105,81
chr3.1_084961817,81
chr3.1_085212900,81
chr3.1_085740129,81
chr3.1_086016528,81
chr3.1_086475023,81
chr3.1_086736143,81
chr3.1_087037740,81
chr3.1_087196712,81
chr3.1_087356557,81
chr3.1_087400611,81
chr3.1_087784823,81
chr3.1_087894917,81
chr3.1_088114859,81
chr3.1_088171126,81
chr3.1_088373303,81
chr3.1_088781520,81
chr3.1_088969889,81
chr3.1_089419279,81
chr3.1_089746248,81
chr3.1_089830276,81
chr3.1_089970853,81
chr3.1_090153084,81
chr3.1_090535510,81
chr3.1_090583093,81
chr3.1_090757623,81
chr3.1_091189551,81
chr3.1_091243343,81
chr3.1_091696207,81
chr3.1_091947885,81
chr3.1_092074238,81
chr3.1_092179293,81
chr3.1_092391363,81
chr3.1_092506369,81
chr3.1_092577217,81
chr3.1_092892315,81
chr4.1_000046379,81
chr4.1_000216045,81
chr4.1_000611893,81
chr4.1_000655569,81
chr4.1_000768094,81
chr4.1_001022673,81
chr4.1_001137477,81
chr4.1_001342769,81
chr4.1_002022002,81
chr4.1_002402452,81
chr4.1_002546492,81
chr4.1_002773590,81
chr4.1_002838673,81
chr4.1_003138318,81
chr4.1_003186465,81
chr4.1_003509124,81
chr4.1_003843331,81
chr4.1_004116304,81
chr4.1_004279828,81
chr4.1_004463235,81
chr4.1_004529814,81
chr4.1_004781701,81
chr4.1_005128770,81
chr4.1_005184973,81
chr4.1_005257459,81
chr4.1_006175066,81
chr4.1_006349686,81
chr4.1_006473437,81
chr4.1_006959876,81
chr4.1_007022040,81
chr4.1_007195140,81
chr4.1_007593473,81
chr4.1_008061677,81
chr4.1_008335980,81
chr4.1_008430580,81
chr4.1_008722990,81
chr4.1_008867628,81
chr4.1_009047328,81
chr4.1_009477985,81
chr4.1_009519470,81
chr4.1_009672443,81
chr4.1_009919954,81
chr4.1_010146082,81
chr4.1_010269648,81
chr4.1_010858348,81
chr4.1_010946497,81
chr4.1_011492334,81
chr4.1_011770158,81
chr4.1_011848912,81
chr4.1_012247719,81
chr4.1_012448863,81
chr4.1_012830600,81
chr4.1_013065649,81
chr4.1_013278753,81
chr4.1_013361689,81
chr4.1_013581653,81
chr4.1_013872451,81
chr4.1_014269297,81
chr4.1_014571258,81
chr4.1_014979802,81
chr4.1_015210316,81
chr4.1_015298419,81
chr4.1_015544441,81
chr4.1_015813800,81
chr4.1_015983024,81
chr4.1_016443143,81
chr4.1_017113106,81
chr4.1_017342544,81
chr4.1_017413262,81
chr4.1_017482305,81
chr4.1_017726877,81
chr4.1_017887905,81
chr4.1_018077880,81
chr4.1_018394489,81
chr4.1_018560791,81
chr4.1_018795368,81
chr4.1_018963011,81
chr4.1_019127280,81
chr4.1_019638725,81
chr4.1_020023726,81
chr4.1_020174960,81
chr4.1_020508687,81
chr4.1_020770470,81
chr4.1_020993005,81
chr4.1_021055091,81
chr4.1_021327628,81
chr4.1_021808044,81
chr4.1_022038007,81
chr4.1_022156437,81
chr4.1_022337727,81
chr4.1_022392833,81
chr4.1_022663352,81
chr4.1_022840291,81
chr4.1_023008505,81
chr4.1_023097699,81
chr4.1_023206961,81
chr4.1_023397042,81
chr4.1_023747817,81
chr4.1_023794845,81
chr4.1_023988610,81
chr4.1_024125352,81
chr4.1_024625314,81
chr4.1_024770171,81
chr4.1_025133835,81
chr4.1_025322741,81
chr4.1_025545723,81
chr4.1_025614506,81
chr4.1_025753408,81
chr4.1_026004018,81
chr4.1_026036161,81
chr4.1_026323325,81
chr4.1_026535957,81
chr4.1_026629914,81
chr4.1_026885628,81
chr4.1_026927256,81
chr4.1_027201181,81
chr4.1_027397835,81
chr4.1_027515924,81
chr4.1_027684986,81
chr4.1_027869722,81
chr4.1_028156130,81
chr4.1_028296075,81
chr4.1_028435465,81
chr4.1_028514073,81
chr4.1_029147572,81
chr4.1_029295252,81
chr4.1_029482028,81
chr4.1_029720070,81
chr4.1_029804419,81
chr4.1_030010594,81
chr4.1_030160090,81
chr4.1_030353399,81
chr4.1_030573945,81
chr4.1_030794163,81
chr4.1_031199915,81
chr4.1_031298535,81
chr4.1_031608586,81
chr4.1_031725314,81
chr4.1_032135182,81
chr4.1_032476670,81
chr4.1_033456500,81
chr4.1_033855700,81
chr4.1_034020777,81
chr4.1_034265620,81
chr4.1_034437716,81
chr4.1_034605266,81
chr4.1_034857483,81
chr4.1_034970650,81
chr4.1_035087878,81
chr4.1_035429313,81
chr4.1_035990571,81
chr4.1_036361500,81
chr4.1_036757390,81
chr4.1_037000282,81
chr4.1_037283985,81
chr4.1_037415568,81
chr4.1_037854730,81
chr4.1_037979616,81
chr4.1_038381507,81
chr4.1_038887458,81
chr4.1_039432651,81
chr4.1_039732629,81
chr4.1_039998263,81
chr4.1_040704747,81
chr4.1_041325734,81
chr4.1_041375538,81
chr4.1_041427141,81
chr4.1_041768022,81
chr4.1_042080638,81
chr4.1_042574608,81
chr4.1_042890943,81
chr4.1_043009684,81
chr4.1_043659507,81
chr4.1_044553513,81
chr4.1_044694078,81
chr4.1_044864682,81
chr4.1_045044416,81
chr4.1_045355032,81
chr4.1_045890713,81
chr4.1_046484973,81
chr4.1_046647915,81
chr4.1_046799418,81
chr4.1_046941170,81
chr4.1_046974577,81
chr4.1_047266859,81
chr4.1_047510150,81
chr4.1_047758416,81
chr4.1_047838711,81
chr4.1_048062592,81
chr4.1_048763974,81
chr4.1_048949656,81
chr4.1_049103282,81
chr4.1_049535688,81
chr4.1_049906387,81
chr4.1_050257785,81
chr4.1_051046614,81
chr4.1_051421231,81
chr4.1_052037743,81
chr4.1_053356900,81
chr4.1_053439911,81
chr4.1_053798057,81
chr4.1_053833596,81
chr4.1_054076524,81
chr4.1_054247341,81
chr4.1_054376712,81
chr4.1_054679879,81
chr4.1_054821103,81
chr4.1_054937372,81
chr4.1_055030482,81
chr4.1_055794152,81
chr4.1_055993002,81
chr4.1_056251860,81
chr4.1_056329749,81
chr4.1_056692423,81
chr4.1_057079358,81
chr4.1_057390827,81
chr4.1_057510696,81
chr4.1_057661939,81
chr4.1_057717115,81
chr4.1_057882705,81
chr4.1_058210567,81
chr4.1_058547273,81
chr4.1_059386119,81
chr4.1_059556051,81
chr4.1_061835774,81
chr4.1_062084493,81
chr4.1_062706221,81
chr4.1_062941909,81
chr4.1_063590412,81
chr4.1_064012860,81
chr4.1_064479785,81
chr4.1_064648730,81
chr4.1_065048149,81
chr4.1_065427807,81
chr4.1_066214695,81
chr4.1_066468724,81
chr4.1_066717280,81
chr4.1_066768565,81
chr4.1_067052118,81
chr4.1_067900614,81
chr4.1_068000947,81
chr4.1_068255433,81
chr4.1_068363490,81
chr4.1_068807407,81
chr4.1_068886385,81
chr4.1_069188425,81
chr4.1_069623578,81
chr4.1_069838755,81
chr4.1_070165870,81
chr4.1_070571159,81
chr4.1_070888858,81
chr4.1_071291016,81
chr4.1_071572433,81
chr4.1_071603376,81
chr4.1_072049662,81
chr4.1_072538178,81
chr4.1_072647051,81
chr4.1_073066904,81
chr4.1_073227247,81
chr4.1_073883582,81
chr4.1_074137411,81
chr4.1_074601490,81
chr4.1_074653903,81
chr4.1_074846334,81
chr4.1_075910361,81
chr4.1_076256138,81
chr4.1_076415218,81
chr4.1_076670480,81
chr4.1_076704580,81
chr4.1_076940440,81
chr4.1_077932265,81
chr4.1_078068790,81
chr4.1_078384695,81
chr4.1_078500211,81
chr4.1_078673986,81
chr4.1_078860331,81
chr4.1_078900010,81
chr4.1_079801737,81
chr4.1_080478320,81
chr4.1_080630832,81
chr4.1_080968465,81
chr4.1_081302983,81
chr4.1_081585908,81
chr4.1_081726422,81
chr4.1_082263220,81
chr4.1_082713157,81
chr4.1_082942714,81
chr4.1_083533301,81
chr4.1_083786784,81
chr4.1_083932823,81
chr4.1_084165338,81
chr4.1_084570797,81
chr4.1_084814748,81
chr4.1_084910037,81
chr4.1_085194819,81
chr4.1_085442831,81
chr4.1_085591844,81
chr4.1_085794609,81
chr4.1_085960696,81
chr4.1_086079315,81
chr4.1_086201512,81
chr4.1_086532358,81
chr4.1_086675872,81
chr4.1_086852720,81
chr4.1_087039943,81
chr4.1_087236652,81
chr4.1_087371304,81
chr4.1_087536266,81
chr4.1_087845084,81
chr4.1_087895701,81
chr4.1_088263594,81
chr4.1_088461579,81
chr4.1_088675558,81
chr4.1_089092890,81
chr4.1_089131935,81
chr4.1_089175341,81
chr4.1_089508587,81
chr5.1_000322505,81
chr5.1_000616294,81
chr5.1_000870207,81
chr5.1_001026329,81
chr5.1_001534333,81
chr5.1_002193671,81
chr5.1_002453649,81
chr5.1_002594461,81
chr5.1_002800396,81
chr5.1_002982104,81
chr5.1_003330526,81
chr5.1_003448195,81
chr5.1_003769336,81
chr5.1_003894532,81
chr5.1_004061189,81
chr5.1_004247500,81
chr5.1_004383318,81
chr5.1_004668482,81
chr5.1_005193449,81
chr5.1_005244824,81
chr5.1_005416282,81
chr5.1_005641429,81
chr5.1_005712041,81
chr5.1_005988357,81
chr5.1_006234907,81
chr5.1_006312642,81
chr5.1_006390330,81
chr5.1_006512241,81
chr5.1_006720739,81
chr5.1_006842304,81
chr5.1_006926839,81
chr5.1_007094820,81
chr5.1_007401326,81
chr5.1_007474818,81
chr5.1_007687763,81
chr5.1_007889756,81
chr5.1_008027469,81
chr5.1_008221735,81
chr5.1_008352949,81
chr5.1_008387670,81
chr5.1_008617412,81
chr5.1_008732112,81
chr5.1_009264016,81
chr5.1_009355966,81
chr5.1_009512874,81
chr5.1_010167650,81
chr5.1_010293972,81
chr5.1_010802995,81
chr5.1_011019618,81
chr5.1_011443142,81
chr5.1_011548939,81
chr5.1_011677087,81
chr5.1_011962462,81
chr5.1_012030234,81
chr5.1_012111819,81
chr5.1_012407410,81
chr5.1_012536172,81
chr5.1_012706300,81
chr5.1_012769948,81
chr5.1_012970127,81
chr5.1_013499287,81
chr5.1_013619078,81
chr5.1_013902147,81
chr5.1_014095733,81
chr5.1_014443235,81
chr5.1_014488720,81
chr5.1_014671305,81
chr5.1_014937818,81
chr5.1_015353461,81
chr5.1_015424123,81
chr5.1_015934970,81
chr5.1_016300866,81
chr5.1_016876960,81
chr5.1_017372099,81
chr5.1_017527107,81
chr5.1_017687955,81
chr5.1_018002870,81
chr5.1_018083565,81
chr5.1_018758609,81
chr5.1_018905726,81
chr5.1_018969331,81
chr5.1_019569517,81
chr5.1_019815077,81
chr5.1_019879457,81
chr5.1_020484096,81
chr5.1_020562815,81
chr5.1_020774900,81
chr5.1_020864749,81
chr5.1_021174908,81
chr5.1_021232571,81
chr5.1_021637488,81
chr5.1_021753078,81
chr5.1_022021281,81
chr5.1_022101524,81
chr5.1_022367498,81
chr5.1_023092944,81
chr5.1_023568386,81
chr5.1_023760819,81
chr5.1_024380630,81
chr5.1_024617374,81
chr5.1_024848910,81
chr5.1_025207062,81
chr5.1_025333490,81
chr5.1_025718153,81
chr5.1_025792166,81
chr5.1_026237597,81
chr5.1_026400570,81
chr5.1_026640198,81
chr5.1_027192263,81
chr5.1_027258702,81
chr5.1_027409582,81
chr5.1_027869020,81
chr5.1_027932046,81
chr5.1_028222932,81
chr5.1_028522729,81
chr5.1_028582101,81
chr5.1_028824668,81
chr5.1_029000806,81
chr5.1_029182607,81
chr5.1_029267797,81
chr5.1_029902322,81
chr5.1_030517371,81
chr5.1_030765344,81
chr5.1_030862231,81
chr5.1_031022093,81
chr5.1_031414744,81
chr5.1_031487869,81
chr5.1_031801926,81
chr5.1_032296697,81
chr5.1_032560792,81
chr5.1_032626174,81
chr5.1_033006888,81
chr5.1_033546114,81
chr5.1_034296077,81
chr5.1_034527508,81
chr5.1_035055837,81
chr5.1_035263239,81
chr5.1_037156112,81
chr5.1_037451885,81
chr5.1_037675133,81
chr5.1_037844680,81
chr5.1_037976833,81
chr5.1_040615770,81
chr5.1_040908635,81
chr5.1_041016430,81
chr5.1_041914479,81
chr5.1_042366255,81
chr5.1_042706921,81
chr5.1_042876373,81
chr5.1_043331659,81
chr5.1_043546718,81
chr5.1_044410864,81
chr5.1_045033046,81
chr5.1_045250257,81
chr5.1_045404583,81
chr5.1_045687101,81
chr5.1_045823721,81
chr5.1_045987966,81
chr5.1_046182508,81
chr5.1_046378029,81
chr5.1_046630011,81
chr5.1_046887908,81
chr5.1_047728440,81
chr5.1_047833403,81
chr5.1_048060620,81
chr5.1_048242530,81
chr5.1_048872859,81
chr5.1_049316953,81
chr5.1_049631081,81
chr5.1_049753766,81
chr5.1_049888057,81
chr5.1_050206035,81
chr5.1_050399769,81
chr5.1_051075912,81
chr5.1_051301511,81
chr5.1_051344986,81
chr5.1_051786294,81
chr5.1_052150963,81
chr5.1_052214016,81
chr5.1_052871908,81
chr5.1_053005732,81
chr5.1_053272458,81
chr5.1_053435133,81
chr5.1_053849545,81
chr5.1_054419722,81
chr5.1_054646345,81
chr5.1_054917351,81
chr5.1_055163756,81
chr5.1_055381520,81
chr5.1_055629802,81
chr5.1_056037953,81
chr5.1_056260762,81
chr5.1_056413219,81
chr5.1_057386346,81
chr5.1_057672064,81
chr5.1_057759645,81
chr5.1_058229780,81
chr5.1_058419392,81
chr5.1_058560998,81
chr5.1_058642180,81
chr5.1_058898149,81
chr5.1_059229488,81
chr5.1_059303635,81
chr5.1_060095990,81
chr5.1_060344770,81
chr5.1_060502787,81
chr5.1_061426054,81
chr5.1_061716630,81
chr5.1_061799747,81
chr5.1_061837772,81
chr5.1_062589488,81
chr5.1_062735311,81
chr5.1_063060184,81
chr5.1_063130360,81
chr5.1_063172350,81
chr5.1_063425976,81
chr5.1_063595500,81
chr5.1_064229995,81
chr5.1_064402236,81
chr5.1_064631135,81
chr5.1_064764786,81
chr5.1_065018296,81
chr5.1_065217067,81
chr5.1_065422746,81
chr5.1_065688457,81
chr5.1_066146178,81
chr5.1_066408114,81
chr5.1_066904013,81
chr5.1_067388109,81
chr5.1_067621908,81
chr5.1_067940675,81
chr5.1_068293717,81
chr5.1_068892282,81
chr5.1_069219886,81
chr5.1_069252482,81
chr5.1_069403300,81
chr5.1_069631707,81
chr5.1_069686056,81
chr5.1_069844458,81
chr5.1_070255652,81
chr5.1_070548813,81
chr5.1_070596113,81
chr5.1_070800283,81
chr5.1_071164915,81
chr5.1_071376056,81
chr5.1_071434923,81
chr5.1_071633078,81
chr5.1_071783505,81
chr5.1_071992976,81
chr5.1_072173764,81
chr5.1_072456519,81
chr5.1_072511331,81
chr5.1_072787051,81
chr5.1_073318656,81
chr5.1_073503594,81
chr5.1_073674771,81
chr5.1_073938512,81
chr5.1_074145342,81
chr5.1_074362899,81
chr5.1_074618584,81
chr5.1_074713717,81
chr5.1_075050076,81
chr5.1_075129771,81
chr5.1_075214588,81
chr5.1_075545228,81
chr5.1_075945578,81
chr5.1_076037669,81
chr5.1_076273135,81
chr5.1_076656216,81
chr5.1_076820778,81
chr5.1_076943339,81
chr5.1_077055358,81
chr5.1_077283914,81
chr5.1_078032497,81
chr5.1_078160674,81
chr5.1_078495340,81
chr5.1_078664280,81
chr5.1_078833834,81
chr5.1_079242263,81
chr5.1_080277453,81
chr5.1_080343314,81
chr5.1_080599170,81
chr5.1_080963352,81
chr6.1_000154781,81
chr6.1_000246226,81
chr6.1_000499041,81
chr6.1_000791971,81
chr6.1_000945304,81
chr6.1_001192096,81
chr6.1_001415377,81
chr6.1_001698161,81
chr6.1_002380285,81
chr6.1_002746443,81
chr6.1_002976669,81
chr6.1_003181275,81
chr6.1_003594302,81
chr6.1_003696242,81
chr6.1_004037226,81
chr6.1_004886065,81
chr6.1_005216583,81
chr6.1_006400134,81
chr6.1_006652566,81
chr6.1_006898203,81
chr6.1_007166654,81
chr6.1_007306201,81
chr6.1_007649948,81
chr6.1_008253262,81
chr6.1_008737910,81
chr6.1_008980089,81
chr6.1_009284390,81
chr6.1_009495160,81
chr6.1_009755841,81
chr6.1_010183374,81
chr6.1_010374715,81
chr6.1_010649888,81
chr6.1_010835231,81
chr6.1_010896273,81
chr6.1_011528532,81
chr6.1_011786133,81
chr6.1_011921606,81
chr6.1_012620723,81
chr6.1_012799840,81
chr6.1_013310078,81
chr6.1_013697405,81
chr6.1_013982516,81
chr6.1_018248385,81
chr6.1_019995644,81
chr6.1_021189627,81
chr6.1_022274165,81
chr6.1_023451372,81
chr6.1_023722487,81
chr6.1_024250408,81
chr6.1_024313782,81
chr6.1_025687233,81
chr6.1_025863000,81
chr6.1_026237200,81
chr6.1_026369799,81
chr6.1_026683918,81
chr6.1_027111942,81
chr6.1_027866824,81
chr6.1_028604209,81
chr6.1_030140972,81
chr6.1_030579415,81
chr6.1_030804913,81
chr6.1_031304897,81
chr6.1_031734270,81
chr6.1_031803356,81
chr6.1_033523970,81
chr6.1_033615740,81
chr6.1_033728347,81
chr6.1_034513265,81
chr6.1_036253851,81
chr6.1_036697523,81
chr6.1_040253604,81
chr6.1_042851438,81
chr6.1_047822574,81
chr6.1_048160921,81
chr6.1_048700476,81
chr6.1_048918934,81
chr6.1_050062706,81
chr6.1_050193496,81
chr6.1_050598088,81
chr6.1_050894072,81
chr6.1_051359309,81
chr6.1_052827999,81
chr6.1_053006010,81
chr6.1_053162352,81
chr6.1_055144952,81
chr6.1_055381041,81
chr6.1_055923540,81
chr6.1_056115899,81
chr6.1_057790617,81
chr6.1_058287591,81
chr6.1_059131007,81
chr6.1_059554851,81
chr6.1_062006497,81
chr6.1_062337651,81
chr6.1_062389890,81
chr6.1_062617671,81
chr6.1_062976299,81
chr6.1_063214795,81
chr6.1_063320971,81
chr6.1_064448712,81
chr6.1_064803434,81
chr6.1_065124873,81
chr6.1_065450573,81
chr6.1_065685012,81
chr6.1_066915751,81
chr6.1_067578375,81
chr6.1_067885309,81
chr6.1_068310379,81
chr6.1_068937560,81
chr6.1_069396016,81
chr6.1_071276073,81
chr6.1_071434924,81
chr6.1_071635271,81
chr6.1_071935214,81
chr6.1_072112174,81
chr6.1_072452539,81
chr6.1_072781401,81
chr6.1_073563154,81
chr6.1_073984871,81
chr6.1_074292853,81
chr6.1_074613971,81
chr6.1_074737274,81
chr6.1_074921247,81
chr6.1_075218545,81
chr6.1_075398151,81
chr6.1_075556698,81
chr6.1_076084166,81
chr6.1_076232452,81
chr6.1_076648241,81
chr6.1_076850973,81
chr6.1_076896319,81
chr6.1_078103633,81
chr6.1_078535456,81
chr6.1_078755957,81
chr6.1_079127138,81
chr6.1_079199038,81
chr6.1_079588662,81
chr6.1_079624970,81
chr6.1_079982386,81
chr6.1_080096025,81
chr7.1_000174886,81
chr7.1_000352052,81
chr7.1_000632834,81
chr7.1_000683234,81
chr7.1_000824387,81
chr7.1_000981187,81
chr7.1_001382264,81
chr7.1_001556123,81
chr7.1_001787161,81
chr7.1_001840205,81
chr7.1_002122072,81
chr7.1_002257846,81
chr7.1_002410592,81
chr7.1_002611065,81
chr7.1_002678640,81
chr7.1_002888102,81
chr7.1_003057288,81
chr7.1_003353771,81
chr7.1_003856349,81
chr7.1_004108271,81
chr7.1_004435501,81
chr7.1_004707293,81
chr7.1_004892887,81
chr7.1_004988104,81
chr7.1_005052892,81
chr7.1_006068288,81
chr7.1_006273129,81
chr7.1_006496412,81
chr7.1_006712489,81
chr7.1_006974346,81
chr7.1_007181329,81
chr7.1_007427726,81
chr7.1_008078032,81
chr7.1_008305591,81
chr7.1_008505279,81
chr7.1_008812453,81
chr7.1_008904545,81
chr7.1_009226540,81
chr7.1_009446204,81
chr7.1_009686644,81
chr7.1_009909429,81
chr7.1_010354173,81
chr7.1_010633897,81
chr7.1_010877021,81
chr7.1_011050562,81
chr7.1_011083742,81
chr7.1_011227396,81
chr7.1_011506367,81
chr7.1_012139025,81
chr7.1_012496212,81
chr7.1_013054392,81
chr7.1_013537091,81
chr7.1_013782897,81
chr7.1_014190064,81
chr7.1_014589787,81
chr7.1_014656196,81
chr7.1_014925493,81
chr7.1_015153209,81
chr7.1_015360798,81
chr7.1_015649225,81
chr7.1_016012873,81
chr7.1_016246573,81
chr7.1_016393650,81
chr7.1_016949461,81
chr7.1_017068164,81
chr7.1_017143305,81
chr7.1_017252409,81
chr7.1_017857799,81
chr7.1_018323333,81
chr7.1_018737833,81
chr7.1_018966923,81
chr7.1_019045805,81
chr7.1_019308605,81
chr7.1_019441496,81
chr7.1_019623691,81
chr7.1_019872449,81
chr7.1_019905571,81
chr7.1_020142198,81
chr7.1_020239243,81
chr7.1_020569471,81
chr7.1_020609809,81
chr7.1_020962088,81
chr7.1_021520422,81
chr7.1_021556422,81
chr7.1_021632850,81
chr7.1_021909718,81
chr7.1_022098909,81
chr7.1_022597908,81
chr7.1_022688838,81
chr7.1_022766953,81
chr7.1_023098359,81
chr7.1_023407525,81
chr7.1_023692897,81
chr7.1_023859823,81
chr7.1_024003392,81
chr7.1_024109724,81
chr7.1_024436683,81
chr7.1_024481453,81
chr7.1_024654751,81
chr7.1_024777525,81
chr7.1_025313828,81
chr7.1_025558222,81
chr7.1_025680448,81
chr7.1_025926132,81
chr7.1_026219911,81
chr7.1_026429671,81
chr7.1_026522469,81
chr7.1_026786645,81
chr7.1_027057580,81
chr7.1_027221392,81
chr7.1_027318051,81
chr7.1_027544980,81
chr7.1_027683672,81
chr7.1_028227502,81
chr7.1_028466781,81
chr7.1_028845173,81
chr7.1_029447729,81
chr7.1_029635179,81
chr7.1_029793605,81
chr7.1_029993860,81
chr7.1_030221228,81
chr7.1_031260109,81
chr7.1_032426368,81
chr7.1_032679931,81
chr7.1_033217416,81
chr7.1_033672204,81
chr7.1_034521381,81
chr7.1_035758408,81
chr7.1_035993816,81
chr7.1_036344892,81
chr7.1_036466711,81
chr7.1_036565621,81
chr7.1_036795943,81
chr7.1_037108527,81
chr7.1_037198413,81
chr7.1_037551629,81
chr7.1_038156723,81
chr7.1_038440523,81
chr7.1_038715717,81
chr7.1_039201586,81
chr7.1_039298431,81
chr7.1_039612287,81
chr7.1_039990964,81
chr7.1_040126845,81
chr7.1_040509863,81
chr7.1_040637771,81
chr7.1_041124173,81
chr7.1_041256682,81
chr7.1_042424238,81
chr7.1_042860899,81
chr7.1_042908612,81
chr7.1_043386208,81
chr7.1_044001635,81
chr7.1_044475230,81
chr7.1_044994040,81
chr7.1_045158183,81
chr7.1_045738668,81
chr7.1_045904952,81
chr7.1_047220053,81
chr7.1_047641790,81
chr7.1_047862095,81
chr7.1_048022990,81
chr7.1_048219006,81
chr7.1_048610484,81
chr7.1_048651987,81
chr7.1_048888280,81
chr7.1_050362057,81
chr7.1_050890121,81
chr7.1_051253503,81
chr7.1_051441120,81
chr7.1_052465795,81
chr7.1_052766185,81
chr7.1_052880921,81
chr7.1_053175597,81
chr7.1_053787999,81
chr7.1_054601074,81
chr7.1_054679087,81
chr7.1_054887678,81
chr7.1_055241150,81
chr7.1_055360439,81
chr7.1_055594264,81
chr7.1_055951351,81
chr7.1_056177571,81
chr7.1_056268915,81
chr7.1_056484720,81
chr7.1_056688448,81
chr7.1_057471464,81
chr7.1_057617863,81
chr7.1_057829076,81
chr7.1_058300056,81
chr7.1_058785641,81
chr7.1_059723838,81
chr7.1_059942925,81
chr7.1_061039610,81
chr7.1_061562597,81
chr7.1_061607194,81
chr7.1_062532170,81
chr7.1_062608738,81
chr7.1_062874747,81
chr7.1_063163614,81
chr7.1_064602866,81
chr7.1_065049271,81
chr7.1_065295546,81
chr7.1_065489201,81
chr7.1_065692753,81
chr7.1_066135035,81
chr7.1_066328424,81
chr7.1_066535399,81
chr7.1_066979462,81
chr7.1_067279501,81
chr7.1_068170376,81
chr7.1_068597466,81
chr7.1_068777119,81
chr7.1_069310787,81
chr7.1_069573178,81
chr7.1_069639650,81
chr7.1_069797102,81
chr7.1_070004772,81
chr7.1_070131521,81
chr7.1_071595812,81
chr7.1_072776878,81
chr7.1_073025728,81
chr7.1_073454919,81
chr7.1_075394478,81
chr7.1_075838046,81
chr7.1_076361830,81
chr7.1_076520525,81
chr7.1_076787449,81
chr7.1_076987160,81
chr7.1_077078448,81
chr7.1_077166737,81
chr7.1_077507194,81
chr7.1_077638573,81
chr7.1_077803720,81
chr7.1_078180633,81
chr7.1_078445464,81
chr7.1_078629127,81
chr7.1_078682539,81
chr7.1_079443492,81
chr7.1_079587412,81
chr7.1_079844136,81
chr7.1_080085927,81
chr7.1_080411685,81
chr7.1_080515644,81
chr7.1_081431902,81
chr7.1_081681554,81
chr7.1_081840825,81
chr7.1_082052629,81
chr7.1_082178135,81
chr7.1_082776961,81
chr7.1_083012389,81
chr7.1_083676873,81
chr7.1_084062273,81
chr7.1_084261552,81
chr7.1_084445319,81
chr7.1_084738912,81
chr7.1_084780404,81
chr7.1_084905743,81
chr7.1_085143836,81
chr7.1_085598295,81
chr7.1_085701790,81
chr7.1_085943946,81
chr7.1_086096795,81
chr7.1_086433389,81
chr7.1_087152912,81
chr7.1_087226770,81
chr7.1_087472437,81
chr7.1_087561097,81
chr7.1_087901077,81
chr7.1_088386147,81
chr8.1_000110023,81
chr8.1_000222722,81
chr8.1_000305693,81
chr8.1_000750860,81
chr8.1_001319707,81
chr8.1_001414262,81
chr8.1_001552131,81
chr8.1_001701965,81
chr8.1_001827441,81
chr8.1_002050308,81
chr8.1_002191627,81
chr8.1_002476072,81
chr8.1_002611249,81
chr8.1_003104185,81
chr8.1_003280192,81
chr8.1_003404395,81
chr8.1_003778959,81
chr8.1_003892790,81
chr8.1_004245506,81
chr8.1_004427180,81
chr8.1_004581778,81
chr8.1_004932113,81
chr8.1_004989842,81
chr8.1_005343637,81
chr8.1_005787972,81
chr8.1_006030183,81
chr8.1_006061931,81
chr8.1_006501804,81
chr8.1_006715353,81
chr8.1_007004488,81
chr8.1_007061320,81
chr8.1_007232538,81
chr8.1_007433147,81
chr8.1_007486060,81
chr8.1_007597488,81
chr8.1_008586103,81
chr8.1_008641626,81
chr8.1_008940055,81
chr8.1_009061291,81
chr8.1_009098594,81
chr8.1_009355125,81
chr8.1_009574446,81
chr8.1_009740144,81
chr8.1_009855628,81
chr8.1_010098033,81
chr8.1_010183440,81
chr8.1_010282848,81
chr8.1_010451508,81
chr8.1_010584507,81
chr8.1_010652536,81
chr8.1_010959048,81
chr8.1_011097792,81
chr8.1_011329939,81
chr8.1_011413748,81
chr8.1_011445638,81
chr8.1_011632320,81
chr8.1_012212736,81
chr8.1_012284179,81
chr8.1_012474574,81
chr8.1_012524087,81
chr8.1_012587555,81
chr8.1_012751017,81
chr8.1_013194072,81
chr8.1_013763988,81
chr8.1_014266142,81
chr8.1_014403668,81
chr8.1_015634371,81
chr8.1_015724866,81
chr8.1_015787828,81
chr8.1_015968190,81
chr8.1_016191223,81
chr8.1_016386087,81
chr8.1_016446466,81
chr8.1_016643263,81
chr8.1_016918382,81
chr8.1_017058843,81
chr8.1_017393471,81
chr8.1_017549431,81
chr8.1_017818447,81
chr8.1_018400862,81
chr8.1_018612011,81
chr8.1_018823606,81
chr8.1_019049846,81
chr8.1_019254060,81
chr8.1_019447042,81
chr8.1_019543607,81
chr8.1_019911962,81
chr8.1_020037027,81
chr8.1_020186348,81
chr8.1_020619155,81
chr8.1_020667639,81
chr8.1_020789469,81
chr8.1_020956594,81
chr8.1_021704255,81
chr8.1_021971353,81
chr8.1_022157951,81
chr8.1_022342328,81
chr8.1_022472553,81
chr8.1_022623697,81
chr8.1_022743488,81
chr8.1_023238434,81
chr8.1_023299032,81
chr8.1_023540447,81
chr8.1_023574695,81
chr8.1_023753542,81
chr8.1_023936224,81
chr8.1_024161291,81
chr8.1_024348571,81
chr8.1_024696034,81
chr8.1_024758802,81
chr8.1_024869166,81
chr8.1_024997197,81
chr8.1_025317946,81
chr8.1_025514791,81
chr8.1_025663650,81
chr8.1_025979547,81
chr8.1_026177355,81
chr8.1_026331901,81
chr8.1_026571037,81
chr8.1_026868429,81
chr8.1_027101799,81
chr8.1_027812745,81
chr8.1_027985709,81
chr8.1_028041599,81
chr8.1_028078352,81
chr8.1_028429901,81
chr8.1_028599169,81
chr8.1_028674226,81
chr8.1_028871485,81
chr8.1_029069523,81
chr8.1_029555961,81
chr8.1_029688916,81
chr8.1_030003258,81
chr8.1_030264475,81
chr8.1_030530152,81
chr8.1_030781102,81
chr8.1_030854423,81
chr8.1_031231432,81
chr8.1_031272799,81
chr8.1_031521180,81
chr8.1_031690326,81
chr8.1_032151817,81
chr8.1_032197967,81
chr8.1_032809513,81
chr8.1_032907519,81
chr8.1_033091075,81
chr8.1_033192907,81
chr8.1_033481488,81
chr8.1_033643169,81
chr8.1_033963306,81
chr8.1_034119846,81
chr8.1_034331856,81
chr8.1_034773047,81
chr8.1_035028141,81
chr8.1_035201753,81
chr8.1_035397126,81
chr8.1_035968175,81
chr8.1_036137559,81
chr8.1_036236775,81
chr8.1_036273494,81
chr8.1_036455576,81
chr8.1_037161205,81
chr8.1_037328007,81
chr8.1_037429270,81
chr8.1_037723102,81
chr8.1_038033598,81
chr8.1_038118471,81
chr8.1_038675425,81
chr8.1_039142999,81
chr8.1_039382141,81
chr8.1_039840178,81
chr8.1_039927251,81
chr8.1_040574231,81
chr8.1_040946972,81
chr8.1_041032593,81
chr8.1_041763345,81
chr8.1_042382405,81
chr8.1_042967095,81
chr8.1_043439378,81
chr8.1_043596168,81
chr8.1_044326385,81
chr8.1_044414082,81
chr8.1_044595490,81
chr8.1_044832149,81
chr8.1_045150815,81
chr8.1_045529189,81
chr8.1_045601332,81
chr8.1_045881467,81
chr8.1_045994200,81
chr8.1_046365624,81
chr8.1_046812751,81
chr8.1_046961861,81
chr8.1_047333767,81
chr8.1_047950122,81
chr8.1_048388159,81
chr8.1_049032592,81
chr8.1_049115377,81
chr8.1_049303267,81
chr8.1_049562334,81
chr8.1_049772653,81
chr8.1_050073130,81
chr8.1_051185821,81
chr8.1_051348601,81
chr8.1_051721390,81
chr8.1_052334164,81
chr8.1_052701899,81
chr8.1_053067997,81
chr8.1_053338265,81
chr8.1_053494519,81
chr8.1_053767433,81
chr8.1_053896871,81
chr8.1_054081695,81
chr8.1_054853192,81
chr8.1_055091499,81
chr8.1_056089431,81
chr8.1_056541312,81
chr8.1_056679081,81
chr8.1_057449496,81
chr8.1_057601091,81
chr8.1_058144557,81
chr8.1_058285283,81
chr8.1_058412425,81
chr8.1_058907634,81
chr8.1_059054204,81
chr8.1_059306820,81
chr8.1_059379395,81
chr8.1_059749378,81
chr8.1_060006234,81
chr8.1_060242688,81
chr8.1_060336628,81
chr8.1_060624156,81
chr8.1_061336280,81
chr8.1_061587300,81
chr8.1_061807186,81
chr8.1_061954027,81
chr8.1_062151317,81
chr8.1_062407009,81
chr8.1_062885636,81
chr8.1_062973207,81
chr8.1_063161029,81
chr8.1_063570134,81
chr8.1_063971830,81
chr8.1_064380954,81
chr8.1_064438433,81
chr8.1_064596419,81
chr8.1_065759200,81
chr8.1_065993484,81
chr8.1_066355626,81
chr8.1_066541183,81
chr8.1_066847714,81
chr8.1_066963450,81
chr8.1_067275512,81
chr8.1_067325128,81
chr8.1_067451131,81
chr8.1_067576904,81
chr8.1_067743899,81
chr8.1_068060141,81
chr8.1_068113149,81
chr8.1_068525750,81
chr8.1_068680443,81
chr8.1_068878786,81
chr8.1_068994141,81
chr8.1_069332801,81
chr8.1_069645734,81
chr8.1_070099392,81
chr8.1_070591823,81
chr8.1_071274751,81
chr8.1_071321725,81
chr8.1_071666181,81
chr8.1_071739741,81
chr8.1_071949420,81
chr8.1_072114894,81
chr8.1_072337156,81
chr8.1_072561052,81
chr8.1_072832610,81
chr8.1_073208101,81
chr8.1_073257545,81
chr8.1_073520472,81
chr8.1_073859024,81
chr8.1_074173994,81
chr8.1_074427535,81
chr8.1_074582413,81
chr8.1_074961533,81
chr8.1_075206012,81
chr8.1_075987621,81
chr8.1_076293439,81
chr8.1_076404299,81
chr8.1_077646668,81
chr8.1_077835396,81
chr8.1_078051640,81
chr8.1_078263194,81
chr8.1_078561484,81
chr8.1_078758713,81
chr8.1_078942204,81
chr8.1_079129324,81
chr8.1_079406241,81
chr8.1_079448768,81
chr8.1_079517679,81
chr8.1_079624308,81
chr8.1_080053642,81
chr8.1_080297233,81
chr8.1_080880117,81
chr8.1_080938873,81
chr8.1_081501901,81
chr8.1_081610851,81
chr8.1_081681413,81
chr8.1_082129971,81
chr8.1_082844394,81
chr8.1_083241280,81
chr8.1_083530191,81
chr8.1_083708490,81
chr8.1_083983804,81
chr8.1_084295900,81
chr8.1_084465640,81
chr8.1_084497947,81
chr8.1_084732805,81
chr8.1_084775548,81
chr8.1_085054409,81
chr8.1_085227937,81
chr8.1_085508914,81
chr8.1_085671089,81
chr8.1_085866069,81
chr8.1_086156004,81
chr8.1_086468647,81
chr8.1_086711104,81
chr8.1_086989642,81
